mmsi,ship_name,predicted_timestamp,predicted_lat,predicted_lon,actual_lat,actual_lon,implied_speed_kmh,gap01_hours,gap12_hours,deviation_km,tier,near_hotspot,hotspot_distance_km,window,vessel_type,port_distance_km,near_port,tier_sampled
422040600,KIAZAND,2026-03-23 15:00:00+00:00,26.67988215983286,56.86963649185001,26.72,56.7599983215332,15.664538800115452,1.0,2.0,11.769453211597924,notable,,,"CRISIS (Mar 19-24, 2026)",CARGO,42.79571437656101,False,notable
352003534,SULTAN DARYA1,2026-03-23 14:00:00+00:00,27.0399998524587,55.83008011679184,26.95,55.7400016784668,14.073914540751156,1.0,1.0,13.40917129048673,notable,,,"CRISIS (Mar 19-24, 2026)",CARGO,52.72728570771203,False,notable
212851000,DUBAI VENTURE,2026-03-23 06:00:00+00:00,26.06999938100352,55.84026160605849,25.87,55.7599983215332,29.695304005036167,1.0,1.0,23.642125062645576,notable,,,"CRISIS (Mar 19-24, 2026)",CARGO,61.359664924017096,False,notable
419001387,JAG VASANT,2026-03-23 01:00:00+00:00,26.010000000152363,55.49999703726807,26.03,55.619998931884766,1.495080527105514,1.0,1.0,12.195604870602727,notable,,,"CRISIS (Mar 19-24, 2026)",OTHER_NON_FISHING,65.73358838771755,False,notable
352001905,FATIMA 2,2026-03-23 02:00:00+00:00,25.992680983562003,55.387498079596405,26.0,55.5099983215332,13.246813550763942,4.0,1.0,12.270255033486414,notable,,,"CRISIS (Mar 19-24, 2026)",CARGO,77.22066982409736,False,notable
669613000,PING SHUN,2026-03-19 23:00:00+00:00,25.680000000000007,56.9900016784668,25.77,56.97999954223633,1.1119508023356135,1.0,1.0,10.057590100939642,notable,,,"CRISIS (Mar 19-24, 2026)",OTHER_NON_FISHING,78.81682837258658,False,notable
470731000,FLOUNDER BAY,2026-03-22 13:00:00+00:00,25.560000002436382,55.65999269345198,25.62,55.68000030517578,4.162972462616928,1.0,1.0,6.966904244216567,notable,,,"CRISIS (Mar 19-24, 2026)",OTHER_NON_FISHING,74.70712161131796,False,notable
419956221,MSV SAFINA AL ZAHRA,2026-03-19 06:00:00+00:00,26.290000029841934,56.18002446418173,26.21,56.09000015258789,8.27237359390408,1.0,1.0,12.638634047825278,notable,,,"CRISIS (Mar 19-24, 2026)",CARGO,15.923797659595959,True,notable
419001655,PINE GAS,2026-03-23 16:00:00+00:00,25.57000007119705,57.15993074332979,25.51,57.2599983215332,15.654256817261572,1.0,1.0,12.054381309125551,notable,,,"CRISIS (Mar 19-24, 2026)",OTHER_NON_FISHING,90.71780732801345,False,notable
629009364,YOUNES,2026-03-20 17:00:00+00:00,26.13999372782281,57.029808964502905,25.98,57.060001373291016,21.33993064730392,1.0,2.0,18.04434173796324,notable,,,"CRISIS (Mar 19-24, 2026)",CARGO,84.66881168778788,False,notable
419956078,MSV ASHMA MNV2063,2026-03-19 18:00:00+00:00,26.469999939057235,56.34996755180465,26.36,56.2599983215332,10.906961792089078,1.0,1.0,15.161920416934878,notable,,,"CRISIS (Mar 19-24, 2026)",OTHER_NON_FISHING,17.45270839156935,True,notable
419001655,PINE GAS,2026-03-21 21:00:00+00:00,25.92,55.65999984741211,25.98,55.63999938964844,8.895606418682432,1.0,1.0,6.964951235264972,notable,,,"CRISIS (Mar 19-24, 2026)",OTHER_NON_FISHING,65.73209676037952,False,notable
422541000,LC  SAHEL KHAMIR,2026-03-20 18:00:00+00:00,26.829989458836423,55.68007547604499,26.97,55.7599983215332,1.2173437161032634,2.0,12.0,17.46968934997208,notable,,,"CRISIS (Mar 19-24, 2026)",CARGO,50.75035876939859,False,notable
650000181,AURA,2026-03-21 13:00:00+00:00,26.12000005108564,56.98992952249101,26.07,57.0099983215332,23.68819478775386,1.0,1.0,5.909929494163961,notable,,,"CRISIS (Mar 19-24, 2026)",OTHER_NON_FISHING,77.35652172000165,False,notable
244811000,COASTAL VICTORY,2026-03-23 06:00:00+00:00,25.94000000761391,55.78001108683571,25.96,55.84999847412109,5.4706919522034605,1.0,1.0,7.342504992988313,notable,,,"CRISIS (Mar 19-24, 2026)",OTHER_NON_FISHING,48.203022199524405,False,notable
470891047,STEVIN ORION,2026-03-23 04:00:00+00:00,25.999999923815608,55.760040845477775,26.02,55.84000015258789,11.44194876126734,1.0,1.0,8.294274812710729,notable,,,"CRISIS (Mar 19-24, 2026)",CARGO,45.68173133152293,False,notable
470771000,STEVIN PISCES,2026-03-22 04:00:00+00:00,26.019999820795174,56.07007118635688,25.98,56.0099983215332,15.508501800262191,1.0,1.0,7.471816155546129,notable,,,"CRISIS (Mar 19-24, 2026)",CARGO,34.473813104129846,False,notable
314001120,AN LI,2026-03-19 04:00:00+00:00,26.229999814706467,55.9201177676558,26.23,55.84999847412109,18.94983655356892,1.0,1.0,6.994048682194467,notable,,,"CRISIS (Mar 19-24, 2026)",CARGO,39.957048345554256,False,notable
636025162,OCEAN CENTURY,2026-03-19 12:00:00+00:00,25.88000002984213,55.74002540395481,25.92,55.79999923706055,8.293077789013816,1.0,1.0,7.467966310621615,notable,,,"CRISIS (Mar 19-24, 2026)",OTHER_NON_FISHING,54.84556677302385,False,notable
408687000,BAK-20,2026-03-19 02:00:00+00:00,25.829999999999995,55.720001220703125,25.81,55.65999984741211,1.1119508023356135,1.0,1.0,6.404309917122943,notable,,,"CRISIS (Mar 19-24, 2026)",OTHER_NON_FISHING,73.36741525112456,False,notable
417195571,AL KARIM,2026-03-20 02:00:00+00:00,26.280000091335094,56.14005496860288,26.3,56.18999862670898,11.989963895146222,1.0,1.0,5.453136779257993,notable,,,"CRISIS (Mar 19-24, 2026)",CARGO,12.27540604486888,True,notable
341395002,NADA-B,2026-03-22 20:00:00+00:00,25.480000128641784,57.49994207444251,25.52,57.38999938964844,14.176634118987703,1.0,1.0,11.896890026730365,notable,,,"CRISIS (Mar 19-24, 2026)",CARGO,103.04002031356059,False,notable
356359000,MOSHTARAKA 1,2026-03-23 09:00:00+00:00,25.99999999939069,56.01999875552146,26.0,55.81999969482422,2.2875657498103767,1.0,1.0,19.988199392976817,notable,,,"CRISIS (Mar 19-24, 2026)",CARGO,48.47694675702545,False,notable
419001387,JAG VASANT,2026-03-23 08:00:00+00:00,26.96999979709144,56.370102376011545,26.9,56.5,16.394683056215023,1.0,1.0,15.04675422807488,notable,,,"CRISIS (Mar 19-24, 2026)",OTHER_NON_FISHING,15.237083549699983,True,notable
432278000,LNG JAMAL,2026-03-20 12:00:00+00:00,25.830000175199647,57.13988114820057,25.79,57.20000076293945,21.55049338810444,1.0,1.0,7.483380743285722,notable,,,"CRISIS (Mar 19-24, 2026)",OTHER_NON_FISHING,98.37955100583768,False,notable
461000088,DANA 4,2026-03-22 13:00:00+00:00,25.7299999945155,56.33000810178748,25.81,56.380001068115234,5.368609019245732,1.0,1.0,10.207496430049352,notable,,,"CRISIS (Mar 19-24, 2026)",OTHER_NON_FISHING,45.641113538350204,False,notable
341395002,NADA-B,2026-03-22 14:00:00+00:00,26.190000015063063,57.00996993922478,26.13,57.02999877929688,12.59137517431188,1.0,1.0,6.964738233749335,notable,,,"CRISIS (Mar 19-24, 2026)",CARGO,78.32465022526021,False,notable
616301469,AL SHAHIN,2026-03-19 04:00:00+00:00,26.26,56.18000030517578,26.19,56.09999847412109,1.9944306728458128,1.0,1.0,11.14754153918648,notable,,,"CRISIS (Mar 19-24, 2026)",OTHER_NON_FISHING,14.983807173707662,True,notable
650000171,NATURE HEART,2026-03-22 19:00:00+00:00,25.790000000000006,56.84999847412109,25.87,56.84999847412109,16.679262035029605,1.0,1.0,8.895606418682078,notable,,,"CRISIS (Mar 19-24, 2026)",OTHER_NON_FISHING,70.5265875210329,False,notable
419956545,MSV AL HAJI KASIM,2026-03-20 14:00:00+00:00,25.78790072466267,56.706642452465694,25.73,56.650001525878906,8.14977629740117,9.0,1.0,8.580609970006973,notable,,,"CRISIS (Mar 19-24, 2026)",CARGO,52.517882610514285,False,notable
419956545,MSV AL HAJI KASIM,2026-03-19 23:00:00+00:00,25.84999998095396,55.66002096816944,25.88,55.709999084472656,7.481724592366408,1.0,1.0,6.011160773833458,notable,,,"CRISIS (Mar 19-24, 2026)",CARGO,64.78484911084054,False,notable
470007178,FAHAD 4  0007178,2026-03-20 13:00:00+00:00,25.840000000000007,56.54000091552735,25.7,56.61000061035156,7.783655616347173,1.0,7.0,17.072621833493145,notable,,,"CRISIS (Mar 19-24, 2026)",CARGO,47.52782747763035,False,notable
461000088,DANA 4,2026-03-22 15:00:00+00:00,25.869999998171743,56.420007059160746,25.94,56.43999862670898,3.890409893910877,1.0,1.0,8.036398218829008,notable,,,"CRISIS (Mar 19-24, 2026)",OTHER_NON_FISHING,34.92325672261157,False,notable
212851000,DUBAI VENTURE,2026-03-23 10:00:00+00:00,26.059999978061853,56.09001680685296,26.02,56.02000045776367,7.465781886145409,1.0,1.0,8.28945663005825,notable,,,"CRISIS (Mar 19-24, 2026)",CARGO,30.665473962467814,False,notable
422042200,ARTMAN,2026-03-23 17:00:00+00:00,26.37179938988596,56.94660207210252,26.21,56.93000030517578,13.059995439161083,6.0,1.0,18.06726340770527,notable,,,"CRISIS (Mar 19-24, 2026)",CARGO,67.90007502264591,False,notable
341348002,MEHRAN 1,2026-03-22 21:00:00+00:00,26.13989859871503,55.95016308520712,25.92,55.7599983215332,7.737268259726766,1.0,3.0,30.96612602762128,notable,,,"CRISIS (Mar 19-24, 2026)",CARGO,58.16151677281478,False,notable
471210000,MUBARAK 242,2026-03-21 07:00:00+00:00,25.72,55.79999923706055,25.75,55.7599983215332,0.0,1.0,1.0,5.213613288804928,notable,,,"CRISIS (Mar 19-24, 2026)",OTHER_NON_FISHING,70.24690503638209,False,notable
419956031,MSV AL SAHARA 1371,2026-03-20 08:00:00+00:00,26.25010060836126,56.04005753606505,26.25,56.150001525878906,17.5161568694279,2.0,1.0,10.96447686608431,notable,,,"CRISIS (Mar 19-24, 2026)",CARGO,11.194316579936649,True,notable
470937000,DUMA,2026-03-22 22:00:00+00:00,25.870000087704074,55.6600366880068,25.89,55.709999084472656,12.798135566898356,1.0,1.0,5.4708089605769095,notable,,,"CRISIS (Mar 19-24, 2026)",OTHER_NON_FISHING,64.17250901603379,False,notable
422405300,AMIR BANDAR,2026-03-21 16:00:00+00:00,26.93,55.75,26.97,55.720001220703125,2.22390160467052,1.0,1.0,5.350182350131852,notable,,,"CRISIS (Mar 19-24, 2026)",CARGO,54.713100529263436,False,notable
422341752,,2026-03-19 10:00:00+00:00,26.350000038979317,56.29002478467229,26.3,56.290000915527344,9.12481611833935,1.0,1.0,5.559758854915541,notable,,,"CRISIS (Mar 19-24, 2026)",FISHING,11.485115759792487,True,notable
470134000,SNAPPER BAY,2026-03-22 14:00:00+00:00,25.620000000000005,55.69000244140626,25.6,55.630001068115234,1.0028398124085096,1.0,1.0,6.414261024853788,notable,,,"CRISIS (Mar 19-24, 2026)",PASSENGER,78.45079596468213,False,notable
341348002,MEHRAN 1,2026-03-19 07:00:00+00:00,25.94000000274087,55.76000723180623,25.86,55.65999984741211,3.7335056609790143,1.0,1.0,13.386536866759329,notable,,,"CRISIS (Mar 19-24, 2026)",CARGO,70.18468048822572,False,notable
671536100,MARIA,2026-03-22 22:00:00+00:00,25.97000000045701,55.96000034688517,26.03,55.93999862670898,3.482371700328311,1.0,1.0,6.96474339555273,notable,,,"CRISIS (Mar 19-24, 2026)",OTHER_NON_FISHING,36.41401392586042,False,notable
720019000,SAHEL POL 2,2026-03-23 13:00:00+00:00,26.97,55.77000045776367,26.96,55.97999954223633,0.0,1.0,9.0,20.84192593720596,notable,,,"CRISIS (Mar 19-24, 2026)",OTHER_NON_FISHING,28.931485331403938,False,notable
417195571,AL KARIM,2026-03-20 07:00:00+00:00,26.060000036852813,55.73001832641734,26.04,55.810001373291016,11.20803589739252,1.0,1.0,8.293934160972007,notable,,,"CRISIS (Mar 19-24, 2026)",CARGO,47.48302160639046,False,notable
419956105,MSV NOORE HAJIHUSEIN,2026-03-20 03:00:00+00:00,26.190000007309266,56.0600078654729,26.15,56.0099983215332,5.200555107645884,1.0,1.0,6.685115718464951,notable,,,"CRISIS (Mar 19-24, 2026)",CARGO,24.618912424843625,False,notable
419956864,MSV NABUWAT E ISHA,2026-03-20 02:00:00+00:00,26.110000007303626,56.60998003629357,26.16,56.59999847412109,13.491563132929825,1.0,1.0,5.648337286284881,notable,,,"CRISIS (Mar 19-24, 2026)",OTHER_NON_FISHING,35.31121259790209,False,notable
417195571,AL KARIM,2026-03-20 00:00:00+00:00,26.493381151835976,56.28660505070373,26.4,56.34000015258789,12.445425828704163,3.0,1.0,11.665192026375072,notable,,,"CRISIS (Mar 19-24, 2026)",CARGO,23.658708946254688,False,notable
419001387,JAG VASANT,2026-03-23 14:00:00+00:00,25.65000036917402,57.07977431240083,25.83,57.040000915527344,34.54791413528589,1.0,1.0,20.407683704363283,notable,,,"CRISIS (Mar 19-24, 2026)",OTHER_NON_FISHING,87.6534802838503,False,notable
212851000,DUBAI VENTURE,2026-03-23 05:00:00+00:00,25.59,55.58000183105469,25.83,55.709999084472656,0.0,1.0,1.0,29.695304005036167,high,,,"CRISIS (Mar 19-24, 2026)",CARGO,68.03673738576197,False,high
244811000,COASTAL VICTORY,2026-03-23 00:00:00+00:00,24.68893636537536,53.22025964122888,25.91,55.810001373291016,7.857311303993955,5.0,33.0,293.6140127795882,high,,,"CRISIS (Mar 19-24, 2026)",OTHER_NON_FISHING,54.68812758846167,False,high
257933000,BELRAY,2026-03-20 06:00:00+00:00,26.06,55.959999084472656,26.85,56.0,0.0,1.0,12.0,87.93432356950012,high,,,"CRISIS (Mar 19-24, 2026)",CARGO,29.519679789590587,False,high
257933000,BELRAY,2026-03-20 23:00:00+00:00,27.969162938918902,56.05724307584228,26.06,55.959999084472656,7.327860297458343,12.0,17.0,212.50794613273695,high,,,"CRISIS (Mar 19-24, 2026)",CARGO,32.99858719800551,False,high
306531000,LENORE,2026-03-23 06:00:00+00:00,25.66,57.03999710083008,26.91,56.41999816894531,1.0025038289609756,1.0,1.0,152.1177424235288,high,,,"CRISIS (Mar 19-24, 2026)",OTHER_NON_FISHING,8.97508836527965,True,high
306531000,LENORE,2026-03-23 07:00:00+00:00,28.15992357802863,55.782790385259176,26.88,56.47999954223633,152.52563935887483,1.0,1.0,158.0572250621176,high,,,"CRISIS (Mar 19-24, 2026)",OTHER_NON_FISHING,12.69474732557945,True,high
314001097,NEW VENTURE,2026-03-19 09:00:00+00:00,25.560000964151616,56.43021730068486,25.66,56.65999984741211,26.97453773602541,1.0,1.0,25.58331563243405,high,,,"CRISIS (Mar 19-24, 2026)",OTHER_NON_FISHING,46.935011566096634,False,high
314001120,AN LI,2026-03-19 07:00:00+00:00,26.739999664286245,56.06019027191079,26.53,55.970001220703125,26.41236447497205,1.0,1.0,25.012503804612667,high,,,"CRISIS (Mar 19-24, 2026)",CARGO,45.76559446350509,False,high
314001120,AN LI,2026-03-19 10:00:00+00:00,27.159997801915026,56.560532528496246,26.91,56.33000183105469,36.61031777305071,1.0,1.0,35.97353231706254,high,,,"CRISIS (Mar 19-24, 2026)",CARGO,6.792158479846853,True,high
314109000,NORTH STAR,2026-03-20 10:00:00+00:00,26.950000000609208,56.379999293026,26.91,56.630001068115234,2.272761033512797,1.0,1.0,25.180394165039235,high,,,"CRISIS (Mar 19-24, 2026)",OTHER_NON_FISHING,27.93884341683172,False,high
341348002,MEHRAN 1,2026-03-21 23:00:00+00:00,22.558694217488892,50.04422949287676,25.67,55.540000915527344,10.585041717951285,1.0,63.0,656.2301680090259,high,,,"CRISIS (Mar 19-24, 2026)",CARGO,89.7857582435473,False,high
352001905,FATIMA 2,2026-03-23 01:00:00+00:00,25.98,56.04999923706055,25.99,55.52000045776367,0.0,1.0,4.0,52.98725420305577,high,,,"CRISIS (Mar 19-24, 2026)",CARGO,76.60619821704925,False,high
352753000,FRANBO PROGRESS,2026-03-21 15:00:00+00:00,23.924903885762347,53.73830205628697,26.01,55.880001068115234,5.9776464282857225,1.0,54.0,316.78864527801346,high,,,"CRISIS (Mar 19-24, 2026)",CARGO,42.695522567098536,False,high
408687000,BAK-20,2026-03-20 18:00:00+00:00,25.003223274812395,54.07861100207065,25.85,55.720001220703125,4.582383687391541,1.0,36.0,189.8292975203675,high,,,"CRISIS (Mar 19-24, 2026)",OTHER_NON_FISHING,65.89441926181223,False,high
419001387,JAG VASANT,2026-03-23 03:00:00+00:00,26.32999889280028,56.06028565173607,26.19,55.84999847412109,27.58207325642105,1.0,1.0,26.11636174629428,high,,,"CRISIS (Mar 19-24, 2026)",OTHER_NON_FISHING,39.881246556718686,False,high
419001387,JAG VASANT,2026-03-23 04:00:00+00:00,26.199999999847737,55.8599976541663,26.52,55.91999816894531,1.4939131046090306,1.0,1.0,36.0811014461262,high,,,"CRISIS (Mar 19-24, 2026)",OTHER_NON_FISHING,48.13763052958768,False,high
419001387,JAG VASANT,2026-03-23 12:00:00+00:00,26.02000015314601,56.94985310084731,26.25,56.900001525878906,31.702501407339337,1.0,1.0,26.054529857407765,high,,,"CRISIS (Mar 19-24, 2026)",OTHER_NON_FISHING,65.09922023235085,False,high
419001387,JAG VASANT,2026-03-23 13:00:00+00:00,26.200000000761545,56.9099993633418,25.95,56.9900016784668,5.648488765020649,1.0,1.0,28.92435900346753,high,,,"CRISIS (Mar 19-24, 2026)",OTHER_NON_FISHING,79.14674066804325,False,high
419001655,PINE GAS,2026-03-23 02:00:00+00:00,26.032857311251725,55.60285520704234,26.14,55.83000183105469,0.427101199853601,7.0,1.0,25.6228364811074,high,,,"CRISIS (Mar 19-24, 2026)",OTHER_NON_FISHING,42.44602707836708,False,high
419001655,PINE GAS,2026-03-23 03:00:00+00:00,26.249999112853985,56.06022252395057,26.16,55.83000183105469,26.02381692223597,1.0,1.0,25.05377367677534,high,,,"CRISIS (Mar 19-24, 2026)",OTHER_NON_FISHING,42.13062010257639,False,high
419001655,PINE GAS,2026-03-23 04:00:00+00:00,26.18,55.83000183105469,26.51,55.93999862670898,2.22390160467052,1.0,1.0,38.29640835095962,high,,,"CRISIS (Mar 19-24, 2026)",OTHER_NON_FISHING,45.97175647120816,False,high
419531000,DESH VAIBHAV,2026-03-21 09:00:00+00:00,25.70058312397802,55.49579413557932,25.96,55.88999938964844,2.2756048106083053,19.0,2.0,48.874459856357305,high,,,"CRISIS (Mar 19-24, 2026)",OTHER_NON_FISHING,44.95275291436875,False,high
419531000,DESH VAIBHAV,2026-03-21 13:00:00+00:00,26.45913617808399,56.59300064521911,26.1,55.540000915527344,22.359298271586816,2.0,4.0,112.324578313461,high,,,"CRISIS (Mar 19-24, 2026)",OTHER_NON_FISHING,71.73661417101538,False,high
419531000,DESH VAIBHAV,2026-03-21 15:00:00+00:00,26.11999999984761,55.519995787252405,26.08,55.90999984741211,1.4946244946381182,1.0,1.0,39.19749366784477,high,,,"CRISIS (Mar 19-24, 2026)",OTHER_NON_FISHING,36.55312259033466,False,high
419531000,DESH VAIBHAV,2026-03-21 16:00:00+00:00,26.050000659633632,56.289903605902026,26.08,55.90999984741211,38.09343076548624,1.0,1.0,38.09343076548686,high,,,"CRISIS (Mar 19-24, 2026)",OTHER_NON_FISHING,36.55312259033466,False,high
419956031,MSV AL SAHARA 1371,2026-03-20 07:00:00+00:00,26.390000000000004,56.54999923706055,26.29,56.209999084472656,1.1119508023356135,1.0,2.0,35.65916581001388,high,,,"CRISIS (Mar 19-24, 2026)",CARGO,10.409097040242383,True,high
419956031,MSV AL SAHARA 1371,2026-03-23 07:00:00+00:00,18.97419067715216,47.92807572580071,25.88,55.58000183105469,16.353362961354662,1.0,68.0,1098.6254515857174,high,,,"CRISIS (Mar 19-24, 2026)",CARGO,75.93168315600315,False,high
419956078,MSV ASHMA MNV2063,2026-03-19 13:00:00+00:00,26.10999996566049,56.609936743305234,25.88,56.63999938964844,27.960699857440517,1.0,1.0,25.750757279897236,high,,,"CRISIS (Mar 19-24, 2026)",OTHER_NON_FISHING,53.05741290194867,False,high
419956545,MSV AL HAJI KASIM,2026-03-20 13:00:00+00:00,26.926354064355912,57.12678437402104,25.83,56.63999938964844,14.918196268009812,1.0,9.0,131.19918740567368,high,,,"CRISIS (Mar 19-24, 2026)",CARGO,56.97739035692985,False,high
422034900,OURA,2026-03-19 09:00:00+00:00,26.730000220920733,56.11011687408975,26.95,56.310001373291016,17.234003422781523,1.0,1.0,31.49176295744333,high,,,"CRISIS (Mar 19-24, 2026)",CARGO,3.882375685522685,True,high
422035300,ARDAVAN,2026-03-22 00:00:00+00:00,26.169998249775244,56.849536165888495,25.95,57.040000915527344,35.74847391610457,1.0,1.0,30.99027714811205,high,,,"CRISIS (Mar 19-24, 2026)",CARGO,83.83230137662376,False,high
422042200,ARTMAN,2026-03-23 16:00:00+00:00,26.930000000000003,56.34000015258789,26.46,56.86000061035156,1.1119508023352598,1.0,6.0,73.48358645116296,high,,,"CRISIS (Mar 19-24, 2026)",CARGO,66.52674421074782,False,high
422337200,KAREN8,2026-03-21 05:00:00+00:00,27.802609471183377,54.85891539616805,26.95,56.310001373291016,8.241571075868036,1.0,21.0,171.80586232783364,high,,,"CRISIS (Mar 19-24, 2026)",OTHER_NON_FISHING,3.882375685522685,True,high
422553200,,2026-03-23 02:00:00+00:00,19.103794142213424,48.814630567089125,26.3,56.290000915527344,12.630323730251227,1.0,88.0,1107.70453814194,high,,,"CRISIS (Mar 19-24, 2026)",CARGO,11.485115759792487,True,high
470731000,FLOUNDER BAY,2026-03-21 20:00:00+00:00,28.743409911632614,56.447830764863966,25.62,55.68000030517578,7.110232984993151,4.0,46.0,355.5116465424154,high,,,"CRISIS (Mar 19-24, 2026)",OTHER_NON_FISHING,74.70712161131796,False,high
470891047,STEVIN ORION,2026-03-23 02:00:00+00:00,27.05888237556262,49.062670531683615,25.9,55.560001373291016,11.219054686425835,1.0,62.0,659.3074589841566,high,,,"CRISIS (Mar 19-24, 2026)",CARGO,76.68844350231046,False,high
511100185,AMAL II,2026-03-23 21:00:00+00:00,23.708945118476528,56.78920189492296,25.8,57.45000076293945,10.982800513610286,2.0,20.0,241.89820552514476,high,,,"CRISIS (Mar 19-24, 2026)",CARGO,121.09748564246291,False,high
511100268,ARIHANT,2026-03-22 03:00:00+00:00,25.809999947727757,57.08995884408333,25.61,57.209999084472656,10.477229315073354,1.0,1.0,25.28258466631241,high,,,"CRISIS (Mar 19-24, 2026)",OTHER_NON_FISHING,90.85302502804319,False,high
511100268,ARIHANT,2026-03-22 05:00:00+00:00,25.610000000000003,57.59000396728516,25.66,57.310001373291016,19.051724246427952,1.0,1.0,28.615547245601025,high,,,"CRISIS (Mar 19-24, 2026)",OTHER_NON_FISHING,102.16625637489308,False,high
538002227,STAR KAMILA,2026-03-19 04:00:00+00:00,26.15999987806407,55.9800718446055,26.01,55.7599983215332,13.377267238994,1.0,1.0,27.59080829194042,high,,,"CRISIS (Mar 19-24, 2026)",CARGO,53.3901314600568,False,high
616350000,ANDIYA 1,2026-03-22 12:00:00+00:00,26.36000000182731,56.92999511309112,26.16,57.04999923706055,3.88532014451594,1.0,1.0,25.254227428629125,high,,,"CRISIS (Mar 19-24, 2026)",CARGO,80.02997595733144,False,high
629009364,YOUNES,2026-03-21 03:00:00+00:00,27.079936302104905,56.90857185471313,26.77,56.15999984741211,12.323178540985342,2.0,10.0,81.82598864768931,high,,,"CRISIS (Mar 19-24, 2026)",CARGO,21.50605438117164,False,high
629009364,YOUNES,2026-03-21 06:00:00+00:00,27.007580152704417,55.88942526804351,26.48,55.7599983215332,12.55187941419001,10.0,3.0,60.05561917798451,high,,,"CRISIS (Mar 19-24, 2026)",CARGO,57.664370956598155,False,high
636015780,KEN STAR,2026-03-21 21:00:00+00:00,26.356566460266013,57.47051602740384,26.05,55.93000030517578,2.898400611520563,23.0,28.0,157.42781280973662,high,,,"CRISIS (Mar 19-24, 2026)",CARGO,36.162228212776725,False,high
636025162,OCEAN CENTURY,2026-03-22 09:00:00+00:00,23.82383233795233,51.78870986030424,25.78,55.54999923706055,6.872026953771715,1.0,63.0,437.5191966997107,high,,,"CRISIS (Mar 19-24, 2026)",OTHER_NON_FISHING,84.27862215705115,False,high
636025162,OCEAN CENTURY,2026-03-22 23:00:00+00:00,27.009547814466654,56.33314599685841,25.96,56.060001373291016,21.55251674562054,1.0,5.0,119.82876328387346,high,,,"CRISIS (Mar 19-24, 2026)",OTHER_NON_FISHING,33.015703713147126,False,high
629009370,FELIX,2026-01-20 12:00:00+00:00,26.48000019486981,55.98006915727581,26.53,56.130001068115234,16.857536588987806,1.0,1.0,15.921672660427165,notable,,,"CONTROL (Jan 17-21, 2026)",OTHER_NON_FISHING,38.22348857013286,False,notable
306108000,BLACK MAYA,2026-01-20 03:00:00+00:00,26.369999999847604,56.00000467997997,26.4,56.09999847412109,1.4931921333535338,1.0,1.0,10.504306636171524,notable,,,"CONTROL (Jan 17-21, 2026)",OTHER_NON_FISHING,26.46048510946316,False,notable
477439800,SC DRACO,2026-01-17 20:00:00+00:00,26.30999991359593,56.010048804815895,26.39,56.16999816894531,11.882793221835747,1.0,1.0,18.25213902854738,notable,,,"CONTROL (Jan 17-21, 2026)",OTHER_NON_FISHING,22.21622351725888,False,notable
463075101,MARDAN,2026-01-19 23:00:00+00:00,25.95000027372631,56.89984433388713,25.99,56.970001220703125,22.363125395095174,1.0,1.0,8.304822161524466,notable,,,"CONTROL (Jan 17-21, 2026)",OTHER_NON_FISHING,75.76369398547506,False,notable
600949542,1,2026-01-17 10:00:00+00:00,26.82000000411092,56.20000870827437,26.75,56.15999984741211,4.470204983052032,1.0,1.0,8.738290306029077,notable,,,"CONTROL (Jan 17-21, 2026)",FISHING,22.55516186928246,False,notable
422540000,HAKIM KHAMIR,2026-01-17 21:00:00+00:00,26.26999964860526,55.8801621837843,26.18,55.810001373291016,21.4541961589742,1.0,1.0,12.211849727106486,notable,,,"CONTROL (Jan 17-21, 2026)",CARGO,43.92289894183544,False,notable
352002468,SEA TREK,2026-01-19 10:00:00+00:00,26.389999996641425,56.80002203425278,26.29,56.77999877929688,24.483312132705485,1.0,1.0,11.29711364984422,notable,,,"CONTROL (Jan 17-21, 2026)",OTHER_NON_FISHING,53.78343264914281,False,notable
511100857,DURGA,2026-01-19 01:00:00+00:00,26.480000402794357,55.94011210380225,26.51,56.040000915527344,21.92450950590079,1.0,1.0,10.485374822599228,notable,,,"CONTROL (Jan 17-21, 2026)",OTHER_NON_FISHING,39.97852061291866,False,notable
341502002,ALI 25,2026-01-18 15:00:00+00:00,26.68999969078867,56.08013842553076,26.64,56.02000045776367,18.58428546909336,1.0,1.0,8.16218482327732,notable,,,"CONTROL (Jan 17-21, 2026)",CARGO,40.90156668790722,False,notable
357245000,C.MIGHTY,2026-01-18 12:00:00+00:00,25.760000021901007,56.79995869511573,25.82,56.790000915527344,18.04206145106587,1.0,1.0,6.74578066374828,notable,,,"CONTROL (Jan 17-21, 2026)",OTHER_NON_FISHING,68.81046150246635,False,notable
538003018,AL THUMAMA,2026-01-17 04:00:00+00:00,26.65999736127368,56.61048422473189,26.52,56.59999847412109,36.79750542425343,1.0,1.0,15.601895607646131,notable,,,"CONTROL (Jan 17-21, 2026)",OTHER_NON_FISHING,44.311923375478784,False,notable
636024286,STAR SINGAPORE,2026-01-17 15:00:00+00:00,26.79999960459911,56.45981306157261,26.63,56.459999084472656,23.305072736873505,1.0,1.0,18.90312870310308,notable,,,"CONTROL (Jan 17-21, 2026)",CARGO,26.9118115776786,False,notable
620999392,ELIA,2026-01-17 18:00:00+00:00,26.53,56.869998931884766,26.54,56.810001373291016,3.9795433122386914,1.0,1.0,6.071368871674199,notable,,,"CONTROL (Jan 17-21, 2026)",CARGO,57.02564618950965,False,notable
620800211,PARITOSH,2026-01-19 06:00:00+00:00,26.52000000274156,56.230000955517696,26.48,56.15999984741211,3.7218201549013257,1.0,1.0,8.26484757159697,notable,,,"CONTROL (Jan 17-21, 2026)",OTHER_NON_FISHING,32.029352011434334,False,notable
470735902,BRIGHT STAR FBUOY 2,2026-01-19 13:00:00+00:00,26.0,56.06999969482422,26.0,55.970001220703125,0.0,1.0,1.0,9.993994866820527,notable,,,"CONTROL (Jan 17-21, 2026)",GEAR,35.913413991677196,False,notable
620999574,DENIZ 5,2026-01-20 07:00:00+00:00,25.68,56.73999786376953,25.62,56.70000076293945,1.0019533749555658,1.0,1.0,7.783659942500065,notable,,,"CONTROL (Jan 17-21, 2026)",OTHER_NON_FISHING,46.5481599992108,False,notable
620999550,SELIN,2026-01-17 13:00:00+00:00,26.549999902870557,56.45991990475186,26.46,56.45000076293945,16.04999744211122,1.0,1.0,10.056103640686992,notable,,,"CONTROL (Jan 17-21, 2026)",CARGO,34.84325152011964,False,notable
431877000,GEN-EI,2026-01-20 22:00:00+00:00,26.29999998106272,56.75005318913621,26.22,56.75,34.52854358680182,1.0,1.0,8.89560589419182,notable,,,"CONTROL (Jan 17-21, 2026)",OTHER_NON_FISHING,49.97058557476545,False,notable
470646000,INCHCAPE 5,2026-01-20 19:00:00+00:00,26.09,55.82000350952149,26.06,55.93000030517578,0.9984802280926792,1.0,1.0,11.481498216884196,notable,,,"CONTROL (Jan 17-21, 2026)",OTHER_NON_FISHING,35.65024187821896,False,notable
470043502,ALJEER 2 FBUOY,2026-01-20 13:00:00+00:00,26.04,56.09000015258789,26.03,55.970001220703125,0.0,1.0,1.0,12.040748252813543,notable,,,"CONTROL (Jan 17-21, 2026)",GEAR,33.90957506929749,False,notable
471203000,ASMA 1,2026-01-19 07:00:00+00:00,26.09000013696796,55.78007963464384,26.15,55.84999847412109,14.129661185750177,1.0,1.0,9.656124939069084,notable,,,"CONTROL (Jan 17-21, 2026)",CARGO,40.2992224751217,False,notable
636024286,STAR SINGAPORE,2026-01-17 16:00:00+00:00,26.639999978064637,56.339985833241634,26.57,56.2400016784668,11.980444559579084,1.0,1.0,12.625358282658375,notable,,,"CONTROL (Jan 17-21, 2026)",CARGO,33.53069927001299,False,notable
334931000,ATHE NOVA,2026-01-19 11:00:00+00:00,25.95999996189171,57.06995728434549,26.01,57.04999923706055,12.194014691654251,1.0,1.0,5.906818328218529,notable,,,"CONTROL (Jan 17-21, 2026)",OTHER_NON_FISHING,82.77629530448718,False,notable
470646000,INCHCAPE 5,2026-01-19 23:00:00+00:00,26.09999999939068,55.819997985033794,26.12,55.880001068115234,2.286077032999952,1.0,1.0,6.39060715183669,notable,,,"CONTROL (Jan 17-21, 2026)",OTHER_NON_FISHING,38.01774692188283,False,notable
538004534,VESTA,2026-01-20 06:00:00+00:00,26.310002492015563,55.85043775209093,26.27,55.95000076293945,36.46506600373127,1.0,1.0,10.876882318378636,notable,,,"CONTROL (Jan 17-21, 2026)",OTHER_NON_FISHING,30.77217577596578,False,notable
422035200,ARTIN,2026-01-17 13:00:00+00:00,26.409999106980663,56.78966060358275,26.24,56.90999984741211,32.56522441186603,1.0,1.0,22.386774096479417,notable,,,"CONTROL (Jan 17-21, 2026)",CARGO,66.0182306415417,False,notable
538007154,ELANDRA FALCON,2026-01-18 18:00:00+00:00,26.43999994148595,56.250037799978976,26.51,56.369998931884766,10.394752005098098,1.0,1.0,14.253203891433932,notable,,,"CONTROL (Jan 17-21, 2026)",OTHER_NON_FISHING,36.15399556413993,False,notable
538007362,PACIFIC JULIA,2026-01-20 05:00:00+00:00,26.23999999923839,56.72999905985089,26.42,56.68999862670898,5.648588137609245,1.0,1.0,20.408239008567715,notable,,,"CONTROL (Jan 17-21, 2026)",OTHER_NON_FISHING,50.087593669425516,False,notable
357131000,MYD NINGBO,2026-01-20 21:00:00+00:00,25.910000739277443,55.53022831886343,25.95,55.56999969482422,24.516814876741314,1.0,1.0,5.9665858082011285,notable,,,"CONTROL (Jan 17-21, 2026)",CARGO,73.4740555808932,False,notable
305822000,BBC NORFOLK,2026-01-17 23:00:00+00:00,26.250000000000004,56.810001373291016,26.36,56.7400016784668,16.679262035030312,1.0,1.0,14.08174713914288,notable,,,"CONTROL (Jan 17-21, 2026)",CARGO,51.91921087966369,False,notable
354600000,BRIGHT PIONEER,2026-01-20 03:00:00+00:00,26.41999961339079,56.15017017537143,26.38,56.119998931884766,21.12914392608484,1.0,1.0,5.367746520631238,notable,,,"CONTROL (Jan 17-21, 2026)",OTHER_NON_FISHING,23.504017351363274,False,notable
422565000,HADI 3,2026-01-20 10:00:00+00:00,26.979999998629207,55.789999765831794,26.96,55.88999938964844,3.17420522594414,1.0,1.0,10.156622344527118,notable,,,"CONTROL (Jan 17-21, 2026)",OTHER_NON_FISHING,37.85135436971062,False,notable
471031000,HAWK 1,2026-01-18 02:00:00+00:00,25.72083333333333,55.79999923706055,25.83,55.900001525878906,0.0926625668612716,12.0,1.0,15.735902531148955,notable,,,"CONTROL (Jan 17-21, 2026)",OTHER_NON_FISHING,54.24549460765711,False,notable
413347110,SHI JIANG,2026-01-18 23:00:00+00:00,26.27999930829508,55.99021832396917,26.34,56.11000061035156,23.781858184846435,1.0,1.0,13.677103912117571,notable,,,"CONTROL (Jan 17-21, 2026)",CARGO,20.59742638526071,False,notable
720017000,MIDAS 7,2026-01-20 07:00:00+00:00,26.599999193588665,56.600199141797006,26.5,56.380001068115234,25.45484723404592,1.0,1.0,24.563734006023072,notable,,,"CONTROL (Jan 17-21, 2026)",CARGO,35.46070808048727,False,notable
620999325,BLUE STAR 3,2026-01-19 22:00:00+00:00,26.719999990250237,56.07000992652107,26.76,56.130001068115234,5.964961446004211,1.0,1.0,7.434568930552487,notable,,,"CONTROL (Jan 17-21, 2026)",CARGO,24.67422355985349,False,notable
242470005,,2026-01-20 13:00:00+00:00,26.17000000000005,56.02000045776367,25.93,55.9900016784668,1.1119508023356135,1.0,21.0,26.85455975693388,notable,,,"CONTROL (Jan 17-21, 2026)",GEAR,39.940708245962036,False,notable
564829000,QUINN,2026-01-19 00:00:00+00:00,25.78999999832362,56.65000696803545,25.84,56.65999984741211,12.272465974233066,1.0,1.0,5.649018328513422,notable,,,"CONTROL (Jan 17-21, 2026)",OTHER_NON_FISHING,57.57768972425302,False,notable
470646000,INCHCAPE 5,2026-01-19 03:00:00+00:00,26.030000005482197,55.929993883052646,26.0,56.0099983215332,5.362852104979749,1.0,1.0,8.662781626932752,notable,,,"CONTROL (Jan 17-21, 2026)",OTHER_NON_FISHING,32.906516307080736,False,notable
636020275,AL KARAMA,2026-01-20 01:00:00+00:00,26.539999125836257,56.44023606148031,26.48,56.34000015258789,25.433006432668705,1.0,1.0,11.999490098690844,notable,,,"CONTROL (Jan 17-21, 2026)",CARGO,32.06058733667182,False,notable
341472001,FOREVER HAPPY,2026-01-20 01:00:00+00:00,26.33999959678647,56.05010799929665,26.32,56.0,21.97977341994905,1.0,1.0,5.466511147738987,notable,,,"CONTROL (Jan 17-21, 2026)",CARGO,28.053487947714803,False,notable
240848000,ANAFI,2026-01-18 19:00:00+00:00,26.70999968785382,56.3298895788778,26.52,56.20000076293945,18.227526724980613,1.0,1.0,24.760567403090697,notable,,,"CONTROL (Jan 17-21, 2026)",OTHER_NON_FISHING,35.554997411969794,False,notable
620999710,HAMOON,2026-01-20 10:00:00+00:00,26.53,57.08000183105469,26.52,56.959999084472656,0.0,1.0,1.0,11.990818479867972,notable,,,"CONTROL (Jan 17-21, 2026)",CARGO,70.56839812468208,False,notable
422100700,KARIMI_11424,2026-01-19 23:00:00+00:00,26.109999917829285,55.77006619465628,26.04,55.720001220703125,14.092430195447887,1.0,1.0,9.251423313950932,notable,,,"CONTROL (Jan 17-21, 2026)",OTHER_NON_FISHING,55.89094757117074,False,notable
352003734,VST LYRA,2026-01-20 19:00:00+00:00,26.189999982930413,55.88002507484765,26.22,55.959999084472656,8.748951124171912,1.0,1.0,8.648000778708306,notable,,,"CONTROL (Jan 17-21, 2026)",OTHER_NON_FISHING,28.934263303008894,False,notable
629009370,FELIX,2026-01-20 09:00:00+00:00,26.649999954296792,56.419975720716494,26.6,56.400001525878906,10.486689158205031,1.0,1.0,5.903648242815243,notable,,,"CONTROL (Jan 17-21, 2026)",OTHER_NON_FISHING,28.51273812041656,False,notable
477765600,J CHEN,2026-01-18 07:00:00+00:00,26.269999998169624,56.69001275917381,26.34,56.68999862670898,13.380743758666783,1.0,1.0,7.783655947356483,notable,,,"CONTROL (Jan 17-21, 2026)",CARGO,46.48219728112232,False,notable
413383620,YI BAO CAI HONG,2026-01-17 20:00:00+00:00,26.499999983545617,56.35001794435159,26.48,56.29999923706055,6.841575594225985,1.0,1.0,5.452092548877784,notable,,,"CONTROL (Jan 17-21, 2026)",OTHER_NON_FISHING,31.174155170272915,False,notable
671329100,KG 1,2026-01-20 21:00:00+00:00,26.30999998780949,56.09001739723813,26.33,56.13999938964844,6.843151737255884,1.0,1.0,5.455453539091085,notable,,,"CONTROL (Jan 17-21, 2026)",OTHER_NON_FISHING,17.817874043003485,True,notable
422827000,YOUNES6,2026-01-18 18:00:00+00:00,26.42000000121832,55.90000118107322,26.36,55.900001525878906,2.9850365767430462,1.0,1.0,6.671704949571619,notable,,,"CONTROL (Jan 17-21, 2026)",OTHER_NON_FISHING,38.95201545955025,False,notable
354021000,LOA PEACE,2026-01-20 06:00:00+00:00,26.659996718770604,56.580584724183886,26.5,56.369998931884766,39.52251636401123,1.0,1.0,27.47817973087282,high,,,"CONTROL (Jan 17-21, 2026)",CARGO,35.10733350419695,False,high
518998204,BITUMEN STAR,2026-01-19 08:00:00+00:00,26.80999865424273,56.29962625336893,26.59,56.38999938964844,30.51586413861653,1.0,1.0,26.05806831869747,high,,,"CONTROL (Jan 17-21, 2026)",OTHER_NON_FISHING,29.480108848259764,False,high
403098000,AL MAHFOZA,2026-01-17 17:00:00+00:00,26.659999121321256,56.02983596074005,26.55,56.2599983215332,31.543751387508287,1.0,1.0,25.946837293881188,high,,,"CONTROL (Jan 17-21, 2026)",OTHER_NON_FISHING,35.03919758047256,False,high
538010037,CF ATHENA,2026-01-19 05:00:00+00:00,26.46,56.93999862670898,26.35,56.630001068115234,33.845955306350525,1.0,1.0,33.20863259628888,high,,,"CONTROL (Jan 17-21, 2026)",CARGO,41.30028809760985,False,high
352001518,OMEGA TRADER,2026-01-18 15:00:00+00:00,25.90000000487079,56.82998825147145,25.63,56.84000015258789,9.11734357915508,1.0,1.0,30.039408195126544,high,,,"CONTROL (Jan 17-21, 2026)",OTHER_NON_FISHING,58.35173711746862,False,high
538008327,ALEXIA,2026-01-18 10:00:00+00:00,26.529999939070805,56.77001788135615,26.12,56.72999954223633,19.930977050995427,1.0,1.0,45.76409992449436,high,,,"CONTROL (Jan 17-21, 2026)",OTHER_NON_FISHING,48.84836767545921,False,high
240386000,MARAN GAS ASCLEPIUS,2026-01-20 02:00:00+00:00,26.56999982391612,55.95996941280784,26.36,56.06999969482422,33.83625358420724,1.0,1.0,25.79201644529761,high,,,"CONTROL (Jan 17-21, 2026)",OTHER_NON_FISHING,24.971019899248347,False,high
432722000,DIONYSOS LEADER,2026-01-20 15:00:00+00:00,26.339999967082782,56.08003290689022,26.55,56.47999954223633,8.962007963921309,1.0,1.0,46.162170900714194,high,,,"CONTROL (Jan 17-21, 2026)",CARGO,35.92265555440533,False,high
538005820,STI GALLANTRY,2026-01-20 15:00:00+00:00,25.97999999862759,56.750011458488906,26.24,56.7599983215332,10.05748920834526,1.0,1.0,28.92791256547175,high,,,"CONTROL (Jan 17-21, 2026)",OTHER_NON_FISHING,51.09222139246495,False,high
241436000,SOPHIA,2026-01-18 07:00:00+00:00,26.9399995668737,56.50972060067759,26.57,56.31999969482422,39.936982599347104,1.0,1.0,45.2495692555288,high,,,"CONTROL (Jan 17-21, 2026)",OTHER_NON_FISHING,31.702284833470923,False,high
720017000,MIDAS 7,2026-01-19 22:00:00+00:00,19.499158662307504,49.654418129996586,25.78,55.52000045776367,22.440081835757585,1.0,41.0,921.6966805686142,high,,,"CONTROL (Jan 17-21, 2026)",CARGO,86.78183281344178,False,high
229134000,HOUSTON,2026-01-19 20:00:00+00:00,26.529999451501755,56.89010387543321,26.25,56.68999862670898,30.19082426032753,1.0,1.0,36.96812663221319,high,,,"CONTROL (Jan 17-21, 2026)",OTHER_NON_FISHING,44.25010996684751,False,high
354204000,KUROBE,2026-01-20 00:00:00+00:00,26.46999999939076,56.66999851046952,26.62,56.43000030517578,4.557898573726404,1.0,1.0,29.12279036539304,high,,,"CONTROL (Jan 17-21, 2026)",CARGO,26.97773627933025,False,high
413556780,ZHUCHENGXINZHOU,2026-01-19 01:00:00+00:00,26.39000005966304,56.66994960442873,26.14,56.720001220703125,11.2980594461639,1.0,1.0,28.24324605587245,high,,,"CONTROL (Jan 17-21, 2026)",CARGO,47.48468564913764,False,high
249724000,V ALDO,2026-01-18 01:00:00+00:00,26.38999999451405,56.74998579960515,26.61,56.61000061035156,5.359406301154536,1.0,1.0,28.15112325774249,high,,,"CONTROL (Jan 17-21, 2026)",CARGO,37.0215194677596,False,high
422226500,OZIR-25327,2026-01-20 19:00:00+00:00,24.08637217355748,54.45422058026045,25.88,55.59999847412109,11.673054394077829,1.0,18.0,230.46036715898185,high,,,"CONTROL (Jan 17-21, 2026)",OTHER_NON_FISHING,74.17807444447723,False,high
352006145,SHARQ OR 1,2026-01-18 21:00:00+00:00,26.42000066594441,55.68015224221673,26.49,55.93000030517578,26.06212156612485,1.0,1.0,26.06212156612442,high,,,"CONTROL (Jan 17-21, 2026)",OTHER_NON_FISHING,45.04745640059843,False,high
373565000,V BRAVO,2026-01-17 12:00:00+00:00,25.62999999984774,56.2800017569414,25.62,56.59000015258789,1.4971437493582276,1.0,1.0,31.099810500566623,high,,,"CONTROL (Jan 17-21, 2026)",CARGO,39.06828247769044,False,high
538008833,COSMIC GLORY,2026-01-19 12:00:00+00:00,25.79000000045665,56.71000543016374,25.52,56.68000030517578,3.4827007360073305,1.0,1.0,30.17293320527478,high,Gulf of Oman (Fujairah/Khor Fakkan anchorage),47.19094730223169,"CONTROL (Jan 17-21, 2026)",OTHER_NON_FISHING,38.23903138548566,False,high
419002041,BW CHINOOK,2026-01-19 19:00:00+00:00,26.419999978058943,56.190023238818085,26.46,56.59000015258789,7.451241396299072,1.0,1.0,40.07097832970249,high,,,"CONTROL (Jan 17-21, 2026)",OTHER_NON_FISHING,44.34452636879041,False,high
422026900,GOLBON,2026-01-19 11:00:00+00:00,26.08000192971393,56.94952719021895,26.3,56.72999954223633,35.16506853684188,1.0,1.0,32.836284185295995,high,,,"CONTROL (Jan 17-21, 2026)",CARGO,49.11514830978637,False,high
422277400,HAROON 10,2026-01-19 09:00:00+00:00,26.65000000182731,56.6700034272167,26.47,56.470001220703125,3.882743048706649,1.0,1.0,28.218909302533383,high,,,"CONTROL (Jan 17-21, 2026)",OTHER_NON_FISHING,36.91027240040479,False,high
574002760,HTK LOTUS,2026-01-18 14:00:00+00:00,25.31,56.61000061035156,25.6,56.61000061035156,36.694376477065695,1.0,1.0,32.246573267724656,high,,,"CONTROL (Jan 17-21, 2026)",CARGO,38.610809717108886,False,high
563140100,HENRIETTA KOSAN,2026-01-17 12:00:00+00:00,26.70999501101461,56.46086778050441,26.49,56.27999877929688,46.85821333079642,1.0,1.0,30.361073147837462,high,,,"CONTROL (Jan 17-21, 2026)",OTHER_NON_FISHING,32.021402474821656,False,high
636018333,SOUTHERN SHARK,2026-01-20 08:00:00+00:00,26.020004467898737,55.66076645401609,26.24,55.91999816894531,44.51015334545267,1.0,1.0,35.61101828138167,high,,,"CONTROL (Jan 17-21, 2026)",OTHER_NON_FISHING,33.11451954209265,False,high
477637400,KSL CHAOYANG,2026-01-20 11:00:00+00:00,26.659998666204185,56.73028286497002,26.45,56.619998931884766,30.00343582704309,1.0,1.0,25.798975288797017,high,,,"CONTROL (Jan 17-21, 2026)",CARGO,46.002047497237356,False,high
341439000,ANGELINA,2026-01-19 12:00:00+00:00,25.29000068532905,56.94973791020271,25.5,56.81999969482422,29.1729937200714,1.0,1.0,26.74143099077428,high,,,"CONTROL (Jan 17-21, 2026)",CARGO,49.90294346330994,False,high
636023881,AL SAILIYA,2026-01-18 11:00:00+00:00,26.49999393809213,56.28092773951059,26.3,56.0,49.04805007894199,1.0,1.0,35.741087773425974,high,,,"CONTROL (Jan 17-21, 2026)",OTHER_NON_FISHING,27.098868134598472,False,high
538003018,AL THUMAMA,2026-01-17 02:00:00+00:00,26.429996295858466,56.230616668938,26.3,55.9900016784668,41.20253548491147,1.0,1.0,27.993069547025893,high,,,"CONTROL (Jan 17-21, 2026)",OTHER_NON_FISHING,28.016956801228734,False,high
412180909,HG,2026-01-19 19:00:00+00:00,25.679999997563066,56.87999817505292,25.98,56.77999877929688,4.878794522234265,1.0,1.0,34.82758882524718,high,,,"CONTROL (Jan 17-21, 2026)",FISHING,58.51424365921807,False,high
750351000,CAMELIA,2026-01-20 15:00:00+00:00,25.880000000304687,56.80000135731953,25.64,56.880001068115234,2.438549614432535,1.0,1.0,27.86343753092797,high,,,"CONTROL (Jan 17-21, 2026)",OTHER_NON_FISHING,62.32178708521363,False,high
314001077,URSUS,2026-01-18 23:00:00+00:00,26.210000000000004,56.77999877929688,26.45,56.709999084472656,7.783655616347526,1.0,1.0,27.58355002065145,high,,,"CONTROL (Jan 17-21, 2026)",OTHER_NON_FISHING,53.47096134829341,False,high
352004791,CSTAR VOYAGER,2026-01-17 12:00:00+00:00,26.520000004873257,56.23000651243112,26.31,56.0099983215332,4.55817748336251,1.0,1.0,32.02032414050853,high,,,"CONTROL (Jan 17-21, 2026)",CARGO,26.661364663635638,False,high
403518001,NCC NAJEM,2026-01-20 14:00:00+00:00,25.75000191245024,55.47048120742846,25.93,55.630001068115234,36.30582297419569,1.0,1.0,25.60185235460662,high,,,"CONTROL (Jan 17-21, 2026)",OTHER_NON_FISHING,68.93412828172636,False,high
538002917,AL GATTARA,2026-01-18 22:00:00+00:00,26.709997666228656,56.75044655296772,26.43,56.630001068115234,35.344927059211486,1.0,1.0,33.3591433138056,high,,,"CONTROL (Jan 17-21, 2026)",OTHER_NON_FISHING,45.541269805435334,False,high
403004000,AL SHAFFIAH,2026-01-20 15:00:00+00:00,26.609999735764237,56.700086040357895,26.34,56.63999938964844,18.182236131665224,1.0,1.0,30.612534011865048,high,,,"CONTROL (Jan 17-21, 2026)",OTHER_NON_FISHING,41.80258502765861,False,high
636025644,AL SENE`,2026-01-17 21:00:00+00:00,26.71999021047997,56.91103577247285,26.47,56.59999847412109,59.089250768757466,1.0,1.0,41.58305741457671,high,,,"CONTROL (Jan 17-21, 2026)",OTHER_NON_FISHING,45.822118182290296,False,high
422405300,AMIR BANDAR,2026-01-20 10:00:00+00:00,25.178390754830435,54.84960564080678,26.41,55.58000183105469,15.63375365325235,1.0,12.0,155.2475300861996,high,,,"CONTROL (Jan 17-21, 2026)",CARGO,70.57518468726802,False,high
219029621,TORM HELENE,2026-01-20 14:00:00+00:00,26.229997727481575,56.09045991943324,26.09,55.869998931884766,35.073939149815665,1.0,1.0,26.953093629199437,high,,,"CONTROL (Jan 17-21, 2026)",OTHER_NON_FISHING,39.91584293187204,False,high
636021861,SEA MAJESTY,2026-01-18 22:00:00+00:00,26.1999999798378,56.76994410715751,25.96,56.77999877929688,36.74905079719719,1.0,1.0,26.70570359185241,high,,,"CONTROL (Jan 17-21, 2026)",OTHER_NON_FISHING,59.49617042817521,False,high
538008833,COSMIC GLORY,2026-01-19 09:00:00+00:00,26.430000274793606,56.78991461405198,26.18,56.720001220703125,19.706898828586016,1.0,1.0,28.65903432461964,high,,,"CONTROL (Jan 17-21, 2026)",OTHER_NON_FISHING,47.023176580289565,False,high
354204000,KUROBE,2026-01-19 23:00:00+00:00,26.669999982899043,56.66994931363399,26.43,56.68000030517578,31.19844773410617,1.0,1.0,26.70553765466226,high,,,"CONTROL (Jan 17-21, 2026)",CARGO,49.76838709158022,False,high
356359000,MOSHTARAKA 1,2026-01-20 13:00:00+00:00,26.460000001827314,56.6099953954816,26.22,56.65999984741211,3.884433897827778,1.0,1.0,27.148042777080363,high,,,"CONTROL (Jan 17-21, 2026)",CARGO,40.9996515380656,False,high
310696000,GASLOG SARATOGA,2026-01-17 02:00:00+00:00,26.47999953659961,57.010066112565575,26.26,56.66999816894531,38.89022938712001,1.0,1.0,41.787853405072255,high,,,"CONTROL (Jan 17-21, 2026)",OTHER_NON_FISHING,42.41861145507461,False,high
636017577,MSC REEF,2026-01-18 13:00:00+00:00,26.519999004310293,56.93016875558772,26.4,56.619998931884766,33.52930401509267,1.0,1.0,33.63625437850521,high,,,"CONTROL (Jan 17-21, 2026)",CARGO,42.926658153807324,False,high
256647000,ENERGY ATLANTIC,2026-01-19 23:00:00+00:00,26.799998953588364,56.30968415328445,26.49,56.209999084472656,28.35032836376173,1.0,1.0,35.86586977752062,high,,,"CONTROL (Jan 17-21, 2026)",OTHER_NON_FISHING,32.11765187680553,False,high
357131000,MYD NINGBO,2026-01-20 12:00:00+00:00,26.489998565318302,56.69954903034506,26.24,56.86000061035156,36.92098271105945,1.0,1.0,32.067148405822046,high,,,"CONTROL (Jan 17-21, 2026)",CARGO,61.041014012405206,False,high
309201000,EJNAN,2026-01-20 02:00:00+00:00,26.16999971658714,55.93012271374861,26.36,56.15999984741211,17.843742112687913,1.0,1.0,31.17338576315962,high,,,"CONTROL (Jan 17-21, 2026)",OTHER_NON_FISHING,19.570539203162525,True,high
563168200,X-PRESS ALTAIR,2026-01-18 08:00:00+00:00,26.81999925793573,56.38973202268527,26.56,56.2599983215332,26.45196642630299,1.0,1.0,31.65347751503197,high,,,"CONTROL (Jan 17-21, 2026)",CARGO,33.9700511283693,False,high
351840000,MAYMEI,2026-01-17 04:00:00+00:00,26.70999982440935,56.40991184152679,26.5,56.209999084472656,14.883329651107411,1.0,1.0,30.664377906481427,high,,,"CONTROL (Jan 17-21, 2026)",CARGO,33.22150505539203,False,high
