sar_id,sar_timestamp,sar_lat,sar_lon,gfw_mmsi,gfw_ship_name,relinked_mmsi,relinked_name,relinked_dist_km,assignment_cost,bracket_status,link_status,change_vs_gfw,n_candidates_in_radius
0,2025-12-04 00:56:43+00:00,12.34,74.62000274658203,,,,,,5.0,,dark_vessel,dark_unchanged,117.0
1,2025-12-04 00:56:43+00:00,13.61,74.41000366210938,,,,,,5.0,,dark_vessel,dark_unchanged,98.0
2,2025-12-23 00:48:36+00:00,12.62,74.37999725341797,419957166.0,GANESH KRIPA,419957166.0,GANESH KRIPA,,,locked,gfw_locked,gfw_confirmed,
3,2025-12-04 00:56:43+00:00,13.31,74.47000122070312,,,,,,5.0,,dark_vessel,dark_unchanged,114.0
4,2025-12-04 00:56:43+00:00,13.44,74.44000244140625,,,,,,5.0,,dark_vessel,dark_unchanged,109.0
5,2025-12-04 00:56:43+00:00,13.05,74.38999938964844,,,,,,5.0,,dark_vessel,dark_unchanged,137.0
6,2025-12-04 00:56:43+00:00,12.23,75.01000213623047,,,,,,5.0,,dark_vessel,dark_unchanged,103.0
7,2025-12-04 00:56:43+00:00,13.45,74.5,,,419951388.0,AL RAMEEZ 7,1.269,1.269,consistent,relinked,newly_linked,109.0
8,2025-12-04 00:56:43+00:00,13.02,74.54000091552734,,,,,,5.0,,dark_vessel,dark_unchanged,136.0
9,2025-12-04 00:56:43+00:00,13.48,74.45999908447266,,,,,,5.0,,dark_vessel,dark_unchanged,109.0
10,2025-12-04 00:56:43+00:00,13.47,74.61000061035156,,,,,,5.0,,dark_vessel,dark_unchanged,106.0
11,2025-12-04 00:56:43+00:00,13.74,74.41999816894531,,,,,,5.0,,dark_vessel,dark_unchanged,78.0
12,2025-12-04 00:56:43+00:00,12.42,74.55999755859375,,,,,,5.0,,dark_vessel,dark_unchanged,121.0
13,2025-12-04 00:56:43+00:00,12.89,74.25,,,,,,5.0,,dark_vessel,dark_unchanged,142.0
14,2025-12-04 00:56:43+00:00,12.27,74.73999786376953,,,538006175.0,SINICA GRAECA,3.572,3.572,consistent,relinked,newly_linked,113.0
15,2025-12-04 00:56:43+00:00,12.94,74.7699966430664,,,538003747.0,GLEAMSTAR,4.475,4.475,consistent,relinked,newly_linked,144.0
16,2025-12-04 00:56:43+00:00,12.06,75.08999633789062,,,,,,5.0,,dark_vessel,dark_unchanged,63.0
17,2025-12-04 00:56:43+00:00,13.79,74.45999908447266,,,,,,5.0,,dark_vessel,dark_unchanged,56.0
18,2025-12-04 00:56:43+00:00,12.41,74.3499984741211,,,,,,5.0,,dark_vessel,dark_unchanged,119.0
19,2025-12-04 00:56:43+00:00,13.44,74.5999984741211,,,,,,5.0,,dark_vessel,dark_unchanged,108.0
20,2025-12-04 00:56:43+00:00,12.32,74.48999786376953,,,,,,5.0,,dark_vessel,dark_unchanged,117.0
21,2025-12-04 00:56:43+00:00,12.5,74.37000274658203,,,,,,5.0,,dark_vessel,dark_unchanged,133.0
22,2025-12-04 00:56:43+00:00,12.83,74.80999755859375,,,,,,5.0,,dark_vessel,dark_unchanged,145.0
23,2025-12-04 00:56:43+00:00,13.04,74.7300033569336,,,,,,5.0,,dark_vessel,dark_unchanged,131.0
24,2025-12-11 00:48:37+00:00,12.96,74.5999984741211,636018158.0,BRAVEHEART I,636018158.0,BRAVEHEART I,,,locked,gfw_locked,gfw_confirmed,
25,2025-12-04 00:56:43+00:00,13.49,74.58999633789062,,,,,,5.0,,dark_vessel,dark_unchanged,106.0
26,2025-12-04 00:56:43+00:00,13.55,74.5,,,,,,5.0,,dark_vessel,dark_unchanged,103.0
27,2025-12-04 00:56:43+00:00,12.41,74.43000030517578,,,,,,5.0,,dark_vessel,dark_unchanged,119.0
28,2025-12-04 00:56:43+00:00,13.18,74.54000091552734,,,,,,5.0,,dark_vessel,dark_unchanged,122.0
29,2025-12-04 00:56:43+00:00,12.42,74.38999938964844,,,,,,5.0,,dark_vessel,dark_unchanged,119.0
30,2025-12-04 00:56:43+00:00,12.25,74.9800033569336,,,,,,5.0,,dark_vessel,dark_unchanged,106.0
31,2025-12-23 00:48:36+00:00,13.19,74.62999725341797,419951274.0,KAAFOOR,419951274.0,KAAFOOR,,,locked,gfw_locked,gfw_confirmed,
32,2026-01-04 00:48:35+00:00,12.83,74.69999694824219,419951320.0,RATHNAM,419951320.0,RATHNAM,,,locked,gfw_locked,gfw_confirmed,
33,2025-12-04 00:56:43+00:00,12.98,74.77999877929688,,,,,,5.0,,dark_vessel,dark_unchanged,138.0
34,2025-12-11 00:48:37+00:00,12.96,74.66999816894531,649555000.0,PACIFIC EXPLORER,649555000.0,PACIFIC EXPLORER,,,locked,gfw_locked,gfw_confirmed,
35,2025-12-04 00:56:43+00:00,13.64,73.87999725341797,,,256657000.0,PATMOS,2.297,2.297,consistent,relinked,newly_linked,48.0
36,2025-12-04 00:56:43+00:00,13.59,74.5999984741211,,,,,,5.0,,dark_vessel,dark_unchanged,98.0
37,2025-12-04 00:56:43+00:00,12.65,74.69000244140625,,,,,,5.0,,dark_vessel,dark_unchanged,145.0
38,2025-12-04 00:56:43+00:00,13.3,74.36000061035156,,,,,,5.0,,dark_vessel,dark_unchanged,114.0
39,2025-12-04 00:56:43+00:00,12.77,74.47000122070312,,,,,,5.0,,dark_vessel,dark_unchanged,150.0
40,2025-12-04 00:56:43+00:00,13.29,74.62000274658203,,,,,,5.0,,dark_vessel,dark_unchanged,116.0
41,2025-12-04 00:56:43+00:00,12.99,74.54000091552734,,,,,,5.0,,dark_vessel,dark_unchanged,142.0
42,2025-12-04 00:56:43+00:00,13.41,73.87000274658203,,,,,,5.0,,dark_vessel,dark_unchanged,60.0
43,2025-12-04 00:56:43+00:00,13.0,74.63999938964844,,,538005632.0,SARV SHAKTI,2.474,2.474,consistent,relinked,newly_linked,139.0
44,2025-12-04 00:56:43+00:00,13.57,74.61000061035156,,,,,,5.0,,dark_vessel,dark_unchanged,100.0
45,2025-12-04 00:56:43+00:00,13.24,74.5199966430664,,,,,,5.0,,dark_vessel,dark_unchanged,120.0
46,2025-12-04 00:56:43+00:00,12.5,74.31999969482422,,,,,,5.0,,dark_vessel,dark_unchanged,131.0
47,2025-12-04 00:56:43+00:00,12.31,74.61000061035156,,,,,,5.0,,dark_vessel,dark_unchanged,117.0
48,2025-12-04 00:56:43+00:00,12.6,74.83000183105469,,,,,,5.0,,dark_vessel,dark_unchanged,139.0
49,2025-12-04 00:56:43+00:00,12.94,74.30000305175781,,,,,,5.0,,dark_vessel,dark_unchanged,141.0
50,2025-12-04 00:56:43+00:00,13.36,74.54000091552734,,,419950708.0,AQEEDAH,1.552,1.552,consistent,relinked,newly_linked,112.0
51,2025-12-04 00:56:43+00:00,13.38,74.41999816894531,,,,,,5.0,,dark_vessel,dark_unchanged,111.0
52,2025-12-04 00:56:43+00:00,12.95,74.69000244140625,,,649555000.0,PACIFIC EXPLORER,1.084,1.084,consistent,relinked,newly_linked,147.0
53,2025-12-04 00:56:43+00:00,13.72,74.25,,,,,,5.0,,dark_vessel,dark_unchanged,57.0
54,2025-12-04 00:56:43+00:00,13.46,74.58000183105469,,,,,,5.0,,dark_vessel,dark_unchanged,108.0
55,2025-12-04 00:56:43+00:00,12.66,74.4800033569336,,,,,,5.0,,dark_vessel,dark_unchanged,148.0
56,2025-12-04 00:56:43+00:00,13.3,74.62999725341797,,,,,,5.0,,dark_vessel,dark_unchanged,114.0
57,2025-12-04 00:56:43+00:00,13.2,74.62000274658203,,,,,,5.0,,dark_vessel,dark_unchanged,122.0
58,2026-01-04 00:48:35+00:00,13.14,74.5999984741211,419950351.0,SHRESHTA,419950351.0,SHRESHTA,,,locked,gfw_locked,gfw_confirmed,
59,2025-12-23 00:48:36+00:00,12.92,74.68000030517578,419001902.0,BURAQ 11,419001902.0,BURAQ 11,,,locked,gfw_locked,gfw_confirmed,
60,2025-12-04 00:56:43+00:00,13.69,73.93000030517578,,,,,,5.0,,dark_vessel,dark_unchanged,46.0
61,2025-12-04 00:56:43+00:00,12.88,74.5999984741211,,,,,,5.0,,dark_vessel,dark_unchanged,150.0
62,2025-12-04 00:56:43+00:00,13.26,74.51000213623047,,,,,,5.0,,dark_vessel,dark_unchanged,118.0
63,2025-12-04 00:56:43+00:00,13.52,74.48999786376953,,,,,,5.0,,dark_vessel,dark_unchanged,106.0
64,2025-12-04 00:56:43+00:00,13.46,74.5,,,,,,5.0,,dark_vessel,dark_unchanged,109.0
65,2025-12-04 00:56:43+00:00,13.47,74.55999755859375,,,,,,5.0,,dark_vessel,dark_unchanged,108.0
66,2025-12-04 00:56:43+00:00,12.86,74.44000244140625,,,,,,5.0,,dark_vessel,dark_unchanged,150.0
67,2025-12-04 00:56:43+00:00,12.57,74.52999877929688,,,,,,5.0,,dark_vessel,dark_unchanged,142.0
68,2025-12-04 00:56:43+00:00,13.27,74.44999694824219,,,,,,5.0,,dark_vessel,dark_unchanged,117.0
69,2025-12-04 00:56:43+00:00,13.11,74.55000305175781,,,,,,5.0,,dark_vessel,dark_unchanged,130.0
70,2025-12-04 00:56:43+00:00,12.28,74.51000213623047,,,,,,5.0,,dark_vessel,dark_unchanged,116.0
71,2025-12-04 00:56:43+00:00,13.16,74.44000244140625,,,,,,5.0,,dark_vessel,dark_unchanged,123.0
72,2025-12-04 00:56:43+00:00,12.02,74.56999969482422,,,,,,5.0,,dark_vessel,dark_unchanged,72.0
73,2025-12-04 00:56:43+00:00,12.08,74.75,,,,,,5.0,,dark_vessel,dark_unchanged,99.0
74,2025-12-04 00:56:43+00:00,13.27,74.66999816894531,,,,,,5.0,,dark_vessel,dark_unchanged,118.0
75,2025-12-04 00:56:43+00:00,12.32,74.56999969482422,,,,,,5.0,,dark_vessel,dark_unchanged,117.0
76,2025-12-04 00:56:43+00:00,13.54,74.5999984741211,,,,,,5.0,,dark_vessel,dark_unchanged,103.0
77,2025-12-04 00:56:43+00:00,13.76,74.5,,,,,,5.0,,dark_vessel,dark_unchanged,83.0
78,2025-12-04 00:56:43+00:00,12.73,74.83999633789062,,,,,,5.0,,dark_vessel,dark_unchanged,144.0
79,2025-12-04 00:56:43+00:00,13.78,74.3499984741211,,,,,,5.0,,dark_vessel,dark_unchanged,57.0
80,2025-12-04 00:56:43+00:00,13.69,73.8499984741211,,,,,,5.0,,dark_vessel,dark_unchanged,40.0
81,2025-12-23 00:48:36+00:00,13.12,74.66999816894531,419951396.0,AL AMEEN,419951396.0,AL AMEEN,,,locked,gfw_locked,gfw_confirmed,
82,2025-12-04 00:56:43+00:00,13.16,74.55999755859375,,,,,,5.0,,dark_vessel,dark_unchanged,124.0
83,2025-12-04 00:56:43+00:00,12.64,74.41999816894531,,,,,,5.0,,dark_vessel,dark_unchanged,148.0
84,2025-12-04 00:56:43+00:00,12.76,74.7699966430664,,,,,,5.0,,dark_vessel,dark_unchanged,145.0
85,2025-12-04 00:56:43+00:00,12.88,74.58999633789062,,,,,,5.0,,dark_vessel,dark_unchanged,151.0
86,2025-12-04 00:56:43+00:00,13.27,74.58999633789062,,,,,,5.0,,dark_vessel,dark_unchanged,118.0
87,2025-12-11 00:49:02+00:00,12.08,74.68000030517578,256035000.0,LEYLA AKSOY,419951295.0,JAI HANUMA,4.334,4.334,consistent,relinked,gfw_corrected,88.0
88,2025-12-04 00:56:43+00:00,12.99,74.55000305175781,,,,,,5.0,,dark_vessel,dark_unchanged,142.0
89,2025-12-04 00:56:43+00:00,12.53,74.37000274658203,,,,,,5.0,,dark_vessel,dark_unchanged,139.0
90,2025-12-04 00:56:43+00:00,13.0,74.23999786376953,,,,,,5.0,,dark_vessel,dark_unchanged,135.0
91,2025-12-04 00:56:43+00:00,13.46,74.62000274658203,,,,,,5.0,,dark_vessel,dark_unchanged,106.0
92,2025-12-04 00:56:43+00:00,12.73,74.73999786376953,,,,,,5.0,,dark_vessel,dark_unchanged,145.0
93,2025-12-04 00:56:43+00:00,12.78,74.62000274658203,,,,,,5.0,,dark_vessel,dark_unchanged,150.0
94,2025-12-04 00:56:43+00:00,13.42,74.62000274658203,,,,,,5.0,,dark_vessel,dark_unchanged,110.0
95,2025-12-04 00:56:43+00:00,12.28,74.73999786376953,,,,,,5.0,,dark_vessel,dark_unchanged,113.0
96,2025-12-04 00:56:43+00:00,13.53,74.61000061035156,,,,,,5.0,,dark_vessel,dark_unchanged,104.0
97,2025-12-04 00:56:43+00:00,13.5,74.27999877929688,,,,,,5.0,,dark_vessel,dark_unchanged,105.0
98,2025-12-04 00:56:43+00:00,13.71,74.33999633789062,,,,,,5.0,,dark_vessel,dark_unchanged,65.0
99,2025-12-04 00:56:43+00:00,12.79,74.7699966430664,,,,,,5.0,,dark_vessel,dark_unchanged,146.0
100,2025-12-04 00:56:43+00:00,12.03,74.7699966430664,,,,,,5.0,,dark_vessel,dark_unchanged,80.0
101,2025-12-04 00:56:43+00:00,13.47,74.56999969482422,,,,,,5.0,,dark_vessel,dark_unchanged,108.0
102,2025-12-04 00:56:43+00:00,13.55,74.38999938964844,,,,,,5.0,,dark_vessel,dark_unchanged,104.0
103,2025-12-04 00:56:43+00:00,12.9,74.7699966430664,,,419017300.0,DCI DREDGE XVI,3.064,3.064,consistent,relinked,newly_linked,147.0
104,2025-12-04 00:56:43+00:00,13.74,74.47000122070312,,,,,,5.0,,dark_vessel,dark_unchanged,83.0
105,2025-12-04 00:56:43+00:00,12.87,74.6500015258789,,,636024742.0,ALIAKMON I,3.336,3.336,consistent,relinked,newly_linked,150.0
106,2025-12-04 00:56:43+00:00,12.36,74.41000366210938,,,,,,5.0,,dark_vessel,dark_unchanged,117.0
107,2025-12-04 00:56:43+00:00,12.56,74.58999633789062,,,,,,5.0,,dark_vessel,dark_unchanged,140.0
108,2025-12-23 00:48:36+00:00,13.04,74.69999694824219,419924337.0,GOLDEN LINE 3,419924337.0,GOLDEN LINE 3,,,locked,gfw_locked,gfw_confirmed,
109,2025-12-04 00:56:43+00:00,13.73,74.41000366210938,,,,,,5.0,,dark_vessel,dark_unchanged,84.0
110,2025-12-04 00:56:43+00:00,12.51,74.36000061035156,,,,,,5.0,,dark_vessel,dark_unchanged,136.0
111,2025-12-04 00:56:43+00:00,13.59,74.44999694824219,,,,,,5.0,,dark_vessel,dark_unchanged,99.0
112,2025-12-04 00:56:43+00:00,12.24,74.55000305175781,,,,,,5.0,,dark_vessel,dark_unchanged,114.0
113,2025-12-04 00:56:43+00:00,13.13,74.55999755859375,,,,,,5.0,,dark_vessel,dark_unchanged,127.0
114,2025-12-04 00:56:43+00:00,12.78,74.45999908447266,,,538009436.0,AM OCEAN STAR,2.831,2.831,consistent,relinked,newly_linked,150.0
115,2025-12-04 00:56:43+00:00,13.65,74.41999816894531,,,,,,5.0,,dark_vessel,dark_unchanged,94.0
116,2025-12-04 00:56:43+00:00,12.45,74.81999969482422,,,,,,5.0,,dark_vessel,dark_unchanged,118.0
117,2025-12-04 00:56:43+00:00,13.49,74.4800033569336,,,419951328.0,BHRAMARI PRASADA I,0.603,0.603,consistent,relinked,newly_linked,109.0
118,2025-12-04 00:56:43+00:00,13.27,74.58000183105469,,,419951452.0,H P BROTHERS II,0.528,0.528,consistent,relinked,newly_linked,118.0
119,2025-12-04 00:56:43+00:00,12.45,74.51000213623047,,,419950560.0,SV KRIPA 2,2.895,2.895,consistent,relinked,newly_linked,124.0
120,2025-12-23 00:48:36+00:00,12.83,74.41000366210938,548687000.0,KANOA,419950749.0,BLUE SKY,2.996,2.996,consistent,relinked,gfw_corrected,62.0
121,2025-12-04 00:56:43+00:00,13.77,74.48999786376953,,,,,,5.0,,dark_vessel,dark_unchanged,75.0
122,2025-12-04 00:56:43+00:00,13.49,74.5,,,419957138.0,MYSHA 1,0.684,0.684,consistent,relinked,newly_linked,109.0
123,2025-12-04 00:56:43+00:00,12.78,74.62999725341797,,,,,,5.0,,dark_vessel,dark_unchanged,150.0
124,2025-12-04 00:56:43+00:00,12.68,74.4000015258789,,,,,,5.0,,dark_vessel,dark_unchanged,149.0
125,2025-12-04 00:56:43+00:00,13.29,74.66000366210938,,,,,,5.0,,dark_vessel,dark_unchanged,115.0
126,2025-12-04 00:56:43+00:00,13.57,74.5,,,,,,5.0,,dark_vessel,dark_unchanged,101.0
127,2025-12-04 00:56:43+00:00,13.42,74.56999969482422,,,,,,5.0,,dark_vessel,dark_unchanged,111.0
128,2025-12-04 00:56:43+00:00,13.16,74.56999969482422,,,,,,5.0,,dark_vessel,dark_unchanged,124.0
129,2025-12-04 00:56:43+00:00,13.41,74.62000274658203,,,,,,5.0,,dark_vessel,dark_unchanged,111.0
130,2025-12-04 00:56:43+00:00,13.12,74.0,,,,,,5.0,,dark_vessel,dark_unchanged,115.0
131,2025-12-04 00:56:43+00:00,13.37,74.36000061035156,,,,,,5.0,,dark_vessel,dark_unchanged,111.0
132,2025-12-04 00:56:43+00:00,12.35,74.70999908447266,,,,,,5.0,,dark_vessel,dark_unchanged,117.0
133,2025-12-04 00:56:43+00:00,13.47,74.62000274658203,,,,,,5.0,,dark_vessel,dark_unchanged,106.0
134,2025-12-04 00:56:43+00:00,12.63,74.5,,,,,,5.0,,dark_vessel,dark_unchanged,147.0
135,2025-12-04 00:56:43+00:00,13.29,74.51000213623047,,,,,,5.0,,dark_vessel,dark_unchanged,116.0
136,2025-12-04 00:56:43+00:00,12.21,74.51000213623047,,,,,,5.0,,dark_vessel,dark_unchanged,113.0
137,2025-12-04 00:56:43+00:00,13.58,74.43000030517578,,,,,,5.0,,dark_vessel,dark_unchanged,99.0
138,2025-12-04 00:56:43+00:00,13.47,74.6500015258789,,,419952769.0,SRI DATTHANJANEYA,1.031,1.031,consistent,relinked,newly_linked,104.0
139,2025-12-04 00:56:43+00:00,13.74,74.5199966430664,,,,,,5.0,,dark_vessel,dark_unchanged,83.0
140,2025-12-04 00:56:43+00:00,13.38,74.55999755859375,,,,,,5.0,,dark_vessel,dark_unchanged,111.0
141,2025-12-04 00:56:43+00:00,13.1,74.47000122070312,,,,,,5.0,,dark_vessel,dark_unchanged,131.0
142,2025-12-04 00:56:43+00:00,12.8,74.72000122070312,,,,,,5.0,,dark_vessel,dark_unchanged,147.0
143,2025-12-04 00:56:43+00:00,12.29,74.44000244140625,,,,,,5.0,,dark_vessel,dark_unchanged,116.0
144,2025-12-04 00:56:43+00:00,12.72,74.47000122070312,,,,,,5.0,,dark_vessel,dark_unchanged,150.0
145,2025-12-04 00:56:43+00:00,12.96,74.54000091552734,,,,,,5.0,,dark_vessel,dark_unchanged,143.0
146,2025-12-04 00:56:43+00:00,12.83,74.80000305175781,,,,,,5.0,,dark_vessel,dark_unchanged,145.0
147,2025-12-11 00:48:37+00:00,12.91,74.66999816894531,419950686.0,MUBDI II,419950686.0,MUBDI II,,,locked,gfw_locked,gfw_confirmed,
148,2025-12-04 00:56:43+00:00,12.25,74.48999786376953,,,,,,5.0,,dark_vessel,dark_unchanged,115.0
149,2025-12-04 00:56:43+00:00,12.78,74.61000061035156,,,419956009.0,PREKSHAK,0.578,0.578,consistent,relinked,newly_linked,150.0
150,2025-12-11 00:48:37+00:00,13.25,74.5,419000248.0,87,419000248.0,87,,,locked,gfw_locked,gfw_confirmed,
151,2025-12-04 00:56:43+00:00,13.46,74.52999877929688,,,,,,5.0,,dark_vessel,dark_unchanged,109.0
152,2025-12-04 00:56:43+00:00,13.46,74.61000061035156,,,,,,5.0,,dark_vessel,dark_unchanged,106.0
153,2025-12-04 00:56:43+00:00,12.56,74.75,,,,,,5.0,,dark_vessel,dark_unchanged,138.0
154,2025-12-04 00:56:43+00:00,13.63,74.56999969482422,,,,,,5.0,,dark_vessel,dark_unchanged,96.0
155,2025-12-04 00:56:43+00:00,13.74,74.3499984741211,,,,,,5.0,,dark_vessel,dark_unchanged,62.0
156,2025-12-04 00:56:43+00:00,13.53,74.19000244140625,,,,,,5.0,,dark_vessel,dark_unchanged,97.0
157,2025-12-04 00:56:43+00:00,13.43,74.62999725341797,,,,,,5.0,,dark_vessel,dark_unchanged,110.0
158,2025-12-04 00:56:43+00:00,12.22,74.4800033569336,,,,,,5.0,,dark_vessel,dark_unchanged,113.0
159,2026-01-04 00:48:35+00:00,13.13,74.69999694824219,419950383.0,AFEEF,419950383.0,AFEEF,,,locked,gfw_locked,gfw_confirmed,
160,2025-12-23 00:48:36+00:00,12.94,74.61000061035156,636015166.0,FLEVES,636015166.0,FLEVES,,,locked,gfw_locked,gfw_confirmed,
161,2025-12-04 00:56:43+00:00,12.68,74.73999786376953,,,,,,5.0,,dark_vessel,dark_unchanged,145.0
162,2025-12-04 00:56:43+00:00,12.52,74.33000183105469,,,,,,5.0,,dark_vessel,dark_unchanged,136.0
163,2025-12-04 00:56:43+00:00,13.76,74.51000213623047,,,,,,5.0,,dark_vessel,dark_unchanged,83.0
164,2025-12-04 00:56:43+00:00,13.21,74.41000366210938,,,,,,5.0,,dark_vessel,dark_unchanged,121.0
165,2025-12-04 00:56:43+00:00,13.67,74.55999755859375,,,,,,5.0,,dark_vessel,dark_unchanged,94.0
166,2025-12-04 00:56:43+00:00,12.69,74.26000213623047,,,,,,5.0,,dark_vessel,dark_unchanged,148.0
167,2025-12-04 00:56:43+00:00,13.33,74.5,,,419957593.0,MUBARAK,1.638,1.638,consistent,relinked,newly_linked,114.0
168,2025-12-04 00:56:43+00:00,12.38,74.72000122070312,,,636020930.0,MSC PATNAREE III,2.419,2.419,consistent,relinked,newly_linked,118.0
169,2025-12-04 00:56:43+00:00,13.3,74.58000183105469,,,,,,5.0,,dark_vessel,dark_unchanged,114.0
170,2025-12-04 00:56:43+00:00,13.47,74.58000183105469,,,,,,5.0,,dark_vessel,dark_unchanged,107.0
171,2025-12-04 00:56:43+00:00,12.82,74.4800033569336,,,,,,5.0,,dark_vessel,dark_unchanged,151.0
172,2025-12-04 00:56:43+00:00,13.45,74.56999969482422,,,,,,5.0,,dark_vessel,dark_unchanged,109.0
173,2025-12-04 00:56:43+00:00,12.16,74.77999877929688,,,,,,5.0,,dark_vessel,dark_unchanged,106.0
174,2025-12-04 00:56:43+00:00,13.47,74.29000091552734,,,,,,5.0,,dark_vessel,dark_unchanged,106.0
175,2025-12-04 00:56:43+00:00,13.42,74.66999816894531,,,,,,5.0,,dark_vessel,dark_unchanged,109.0
176,2025-12-04 00:56:43+00:00,13.72,74.44000244140625,,,,,,5.0,,dark_vessel,dark_unchanged,84.0
177,2025-12-04 00:56:43+00:00,13.5,74.61000061035156,,,,,,5.0,,dark_vessel,dark_unchanged,105.0
178,2025-12-04 00:56:43+00:00,13.18,74.43000030517578,,,,,,5.0,,dark_vessel,dark_unchanged,121.0
179,2025-12-23 00:49:01+00:00,12.41,74.58999633789062,419950352.0,JAI MARUTHI 2,419950352.0,JAI MARUTHI 2,,,locked,gfw_locked,gfw_confirmed,
180,2025-12-04 00:56:43+00:00,13.35,74.63999938964844,,,,,,5.0,,dark_vessel,dark_unchanged,112.0
181,2025-12-04 00:56:43+00:00,13.22,74.66999816894531,,,419952242.0,VEERA HANUMA,2.215,2.215,consistent,relinked,newly_linked,122.0
182,2025-12-04 00:56:43+00:00,12.78,74.80000305175781,,,,,,5.0,,dark_vessel,dark_unchanged,144.0
183,2025-12-04 00:56:43+00:00,12.83,74.41000366210938,,,,,,5.0,,dark_vessel,dark_unchanged,151.0
184,2025-12-04 00:56:43+00:00,13.73,74.54000091552734,,,,,,5.0,,dark_vessel,dark_unchanged,84.0
185,2025-12-04 00:56:43+00:00,12.37,74.45999908447266,,,,,,5.0,,dark_vessel,dark_unchanged,117.0
186,2025-12-04 00:56:43+00:00,13.54,74.5,,,,,,5.0,,dark_vessel,dark_unchanged,104.0
187,2025-12-04 00:56:43+00:00,13.64,74.43000030517578,,,,,,5.0,,dark_vessel,dark_unchanged,96.0
188,2025-12-04 00:56:43+00:00,13.68,74.36000061035156,,,,,,5.0,,dark_vessel,dark_unchanged,85.0
189,2025-12-04 00:56:43+00:00,13.55,74.55999755859375,,,,,,5.0,,dark_vessel,dark_unchanged,102.0
190,2025-12-04 00:56:43+00:00,13.29,74.68000030517578,,,,,,5.0,,dark_vessel,dark_unchanged,115.0
191,2025-12-11 00:48:37+00:00,13.24,74.69999694824219,419952769.0,SRI DATTHANJANEYA,419952769.0,SRI DATTHANJANEYA,,,locked,gfw_locked,gfw_confirmed,
192,2025-12-04 00:56:43+00:00,13.55,74.5999984741211,,,,,,5.0,,dark_vessel,dark_unchanged,103.0
193,2025-12-04 00:56:43+00:00,12.55,74.36000061035156,,,,,,5.0,,dark_vessel,dark_unchanged,141.0
194,2025-12-04 00:56:43+00:00,13.64,74.45999908447266,,,,,,5.0,,dark_vessel,dark_unchanged,96.0
195,2025-12-04 00:56:43+00:00,12.46,74.44000244140625,,,419951341.0,SRI SAI SAGAR,3.774,3.774,consistent,relinked,newly_linked,125.0
196,2025-12-04 00:56:43+00:00,12.79,74.76000213623047,,,,,,5.0,,dark_vessel,dark_unchanged,146.0
197,2025-12-04 00:56:43+00:00,12.29,74.55000305175781,,,,,,5.0,,dark_vessel,dark_unchanged,116.0
198,2025-12-04 00:56:43+00:00,12.99,74.4800033569336,,,,,,5.0,,dark_vessel,dark_unchanged,141.0
199,2025-12-04 00:56:43+00:00,12.67,74.4000015258789,,,,,,5.0,,dark_vessel,dark_unchanged,149.0
200,2025-12-04 00:56:43+00:00,13.45,74.44999694824219,,,,,,5.0,,dark_vessel,dark_unchanged,109.0
201,2025-12-04 00:56:43+00:00,12.36,74.41999816894531,,,,,,5.0,,dark_vessel,dark_unchanged,117.0
202,2025-12-04 00:56:43+00:00,13.37,74.41999816894531,,,,,,5.0,,dark_vessel,dark_unchanged,112.0
203,2025-12-04 00:56:43+00:00,13.38,74.58000183105469,,,,,,5.0,,dark_vessel,dark_unchanged,111.0
204,2025-12-04 00:56:43+00:00,13.64,74.55000305175781,,,,,,5.0,,dark_vessel,dark_unchanged,95.0
205,2025-12-04 00:56:43+00:00,12.16,74.75,,,,,,5.0,,dark_vessel,dark_unchanged,107.0
206,2025-12-04 00:56:43+00:00,13.5,74.56999969482422,,,,,,5.0,,dark_vessel,dark_unchanged,106.0
207,2025-12-11 00:48:37+00:00,12.9,74.6500015258789,419001654.0,KAVIRAJ,419001654.0,KAVIRAJ,,,locked,gfw_locked,gfw_confirmed,
208,2025-12-04 00:56:43+00:00,13.28,74.63999938964844,,,,,,5.0,,dark_vessel,dark_unchanged,117.0
209,2025-12-04 00:56:43+00:00,13.41,74.36000061035156,,,,,,5.0,,dark_vessel,dark_unchanged,110.0
210,2025-12-04 00:56:43+00:00,12.39,74.43000030517578,,,,,,5.0,,dark_vessel,dark_unchanged,118.0
211,2025-12-04 00:56:43+00:00,13.78,74.44999694824219,,,,,,5.0,,dark_vessel,dark_unchanged,57.0
212,2025-12-04 00:56:43+00:00,13.7,74.52999877929688,,,,,,5.0,,dark_vessel,dark_unchanged,90.0
213,2025-12-04 00:56:43+00:00,13.23,74.66000366210938,,,,,,5.0,,dark_vessel,dark_unchanged,122.0
214,2025-12-04 00:56:43+00:00,13.41,74.62999725341797,,,,,,5.0,,dark_vessel,dark_unchanged,110.0
215,2025-12-04 00:56:43+00:00,13.25,74.51000213623047,,,,,,5.0,,dark_vessel,dark_unchanged,119.0
216,2025-12-04 00:56:43+00:00,12.55,74.31999969482422,,,,,,5.0,,dark_vessel,dark_unchanged,139.0
217,2025-12-04 00:56:43+00:00,13.15,74.69999694824219,,,,,,5.0,,dark_vessel,dark_unchanged,124.0
218,2025-12-04 00:56:43+00:00,13.49,74.58999633789062,,,,,,5.0,,dark_vessel,dark_unchanged,106.0
219,2025-12-04 00:56:43+00:00,13.09,74.56999969482422,,,419825697.0,RITHIK 2 NET BOAT,2.085,2.085,consistent,relinked,newly_linked,130.0
220,2025-12-04 00:56:43+00:00,13.18,74.55000305175781,,,,,,5.0,,dark_vessel,dark_unchanged,122.0
221,2025-12-04 00:56:43+00:00,13.78,74.4000015258789,,,,,,5.0,,dark_vessel,dark_unchanged,55.0
222,2025-12-04 00:56:43+00:00,13.62,74.41000366210938,,,,,,5.0,,dark_vessel,dark_unchanged,97.0
223,2025-12-11 00:48:37+00:00,12.76,74.72000122070312,419950470.0,DIVINE SPIRIT,419950470.0,DIVINE SPIRIT,,,locked,gfw_locked,gfw_confirmed,
224,2025-12-04 00:56:43+00:00,12.87,74.72000122070312,,,419957124.0,SRI KANTHU 1,2.274,2.274,consistent,relinked,newly_linked,148.0
225,2025-12-04 00:56:43+00:00,12.14,74.30999755859375,,,419250311.0,GAGULTHA NET5_99%,4.679,4.679,consistent,relinked,newly_linked,86.0
226,2025-12-04 00:56:43+00:00,13.25,73.9800033569336,,,,,,5.0,,dark_vessel,dark_unchanged,103.0
227,2025-12-04 00:56:43+00:00,12.79,74.61000061035156,,,,,,5.0,,dark_vessel,dark_unchanged,150.0
228,2025-12-04 00:56:43+00:00,13.08,74.05000305175781,,,,,,5.0,,dark_vessel,dark_unchanged,122.0
229,2025-12-04 00:56:43+00:00,13.48,74.31999969482422,,,,,,5.0,,dark_vessel,dark_unchanged,106.0
230,2025-12-11 00:49:02+00:00,12.28,74.83999633789062,419336545.0,PUTHARAN NET1  100%,419336545.0,PUTHARAN NET1  100%,,,locked,gfw_locked,gfw_confirmed,
231,2025-12-04 00:56:43+00:00,12.58,74.37000274658203,,,,,,5.0,,dark_vessel,dark_unchanged,143.0
232,2026-01-04 00:48:35+00:00,12.88,74.36000061035156,477738600.0,OOCL LUXEMBOURG,477738600.0,OOCL LUXEMBOURG,,,locked,gfw_locked,gfw_confirmed,
233,2025-12-04 00:56:43+00:00,13.77,74.47000122070312,,,,,,5.0,,dark_vessel,dark_unchanged,66.0
234,2025-12-04 00:56:43+00:00,13.44,74.41000366210938,,,,,,5.0,,dark_vessel,dark_unchanged,109.0
235,2025-12-04 00:56:43+00:00,13.1,74.4000015258789,,,,,,5.0,,dark_vessel,dark_unchanged,128.0
236,2025-12-04 00:56:43+00:00,12.63,74.30999755859375,,,,,,5.0,,dark_vessel,dark_unchanged,147.0
237,2026-01-04 00:48:35+00:00,12.78,74.47000122070312,419957307.0,SUNAYA SAGAR,419957307.0,SUNAYA SAGAR,,,locked,gfw_locked,gfw_confirmed,
238,2025-12-04 00:56:43+00:00,12.83,74.30000305175781,,,,,,5.0,,dark_vessel,dark_unchanged,143.0
239,2025-12-04 00:56:43+00:00,13.32,74.58000183105469,,,,,,5.0,,dark_vessel,dark_unchanged,114.0
240,2025-12-04 00:56:43+00:00,12.07,74.58000183105469,,,,,,5.0,,dark_vessel,dark_unchanged,96.0
241,2025-12-04 00:56:43+00:00,13.41,74.5999984741211,,,,,,5.0,,dark_vessel,dark_unchanged,111.0
242,2025-12-04 00:56:43+00:00,13.71,74.51000213623047,,,,,,5.0,,dark_vessel,dark_unchanged,85.0
243,2025-12-04 00:56:43+00:00,13.32,74.37999725341797,,,,,,5.0,,dark_vessel,dark_unchanged,114.0
244,2025-12-04 00:56:43+00:00,13.39,74.61000061035156,,,,,,5.0,,dark_vessel,dark_unchanged,111.0
245,2025-12-04 00:56:43+00:00,12.02,74.7300033569336,,,,,,5.0,,dark_vessel,dark_unchanged,71.0
246,2025-12-04 00:56:43+00:00,13.02,74.4800033569336,,,,,,5.0,,dark_vessel,dark_unchanged,137.0
247,2025-12-04 00:56:43+00:00,12.27,74.4800033569336,,,,,,5.0,,dark_vessel,dark_unchanged,116.0
248,2025-12-04 00:56:43+00:00,13.35,74.62000274658203,,,,,,5.0,,dark_vessel,dark_unchanged,113.0
249,2025-12-04 00:56:43+00:00,12.27,74.55000305175781,,,,,,5.0,,dark_vessel,dark_unchanged,115.0
250,2025-12-04 00:56:43+00:00,13.43,74.56999969482422,,,,,,5.0,,dark_vessel,dark_unchanged,111.0
251,2025-12-11 00:48:37+00:00,12.87,74.63999938964844,419950626.0,ZAID,419950626.0,ZAID,,,locked,gfw_locked,gfw_confirmed,
252,2025-12-04 00:56:43+00:00,13.74,73.8499984741211,,,,,,5.0,,dark_vessel,dark_unchanged,39.0
253,2025-12-04 00:56:43+00:00,12.33,74.51000213623047,,,,,,5.0,,dark_vessel,dark_unchanged,117.0
254,2025-12-04 00:56:43+00:00,12.33,74.45999908447266,,,,,,5.0,,dark_vessel,dark_unchanged,117.0
255,2025-12-04 00:56:43+00:00,13.28,74.44000244140625,,,,,,5.0,,dark_vessel,dark_unchanged,116.0
256,2025-12-04 00:56:43+00:00,13.64,74.18000030517578,,,,,,5.0,,dark_vessel,dark_unchanged,67.0
257,2025-12-04 00:56:43+00:00,13.25,74.69000244140625,,,,,,5.0,,dark_vessel,dark_unchanged,118.0
258,2025-12-04 00:56:43+00:00,12.85,74.58999633789062,,,,,,5.0,,dark_vessel,dark_unchanged,150.0
259,2025-12-04 00:56:43+00:00,13.68,74.55999755859375,,,,,,5.0,,dark_vessel,dark_unchanged,93.0
260,2025-12-04 00:56:43+00:00,12.04,74.97000122070312,,,419956037.0,KHALEFA*95*97,4.216,4.216,consistent,relinked,newly_linked,71.0
261,2025-12-04 00:56:43+00:00,13.75,74.31999969482422,,,,,,5.0,,dark_vessel,dark_unchanged,57.0
262,2025-12-04 00:56:43+00:00,13.39,74.5999984741211,,,,,,5.0,,dark_vessel,dark_unchanged,111.0
263,2025-12-04 00:56:43+00:00,12.37,74.56999969482422,,,419957245.0,VEERA MARUTHI 2,3.717,3.717,consistent,relinked,newly_linked,118.0
264,2025-12-04 00:56:43+00:00,13.31,74.44000244140625,,,,,,5.0,,dark_vessel,dark_unchanged,114.0
265,2025-12-04 00:56:43+00:00,12.38,74.62000274658203,,,,,,5.0,,dark_vessel,dark_unchanged,118.0
266,2026-01-04 00:48:35+00:00,12.98,74.5999984741211,357740000.0,CHEMROAD WING,357740000.0,CHEMROAD WING,,,locked,gfw_locked,gfw_confirmed,
267,2025-12-04 00:56:43+00:00,13.48,74.62999725341797,,,,,,5.0,,dark_vessel,dark_unchanged,106.0
268,2025-12-04 00:56:43+00:00,13.47,74.56999969482422,,,,,,5.0,,dark_vessel,dark_unchanged,108.0
269,2025-12-04 00:56:43+00:00,13.45,74.29000091552734,,,,,,5.0,,dark_vessel,dark_unchanged,107.0
270,2025-12-04 00:56:43+00:00,13.62,74.55999755859375,,,,,,5.0,,dark_vessel,dark_unchanged,96.0
271,2025-12-11 00:48:37+00:00,12.98,74.5999984741211,314571000.0,OBE GRANDE,314571000.0,OBE GRANDE,,,locked,gfw_locked,gfw_confirmed,
272,2025-12-04 00:56:43+00:00,13.58,74.58000183105469,,,,,,5.0,,dark_vessel,dark_unchanged,100.0
273,2025-12-04 00:56:43+00:00,13.27,74.37000274658203,,,,,,5.0,,dark_vessel,dark_unchanged,116.0
274,2025-12-04 00:56:43+00:00,12.56,74.73999786376953,,,,,,5.0,,dark_vessel,dark_unchanged,138.0
275,2025-12-04 00:56:43+00:00,13.72,74.5,,,,,,5.0,,dark_vessel,dark_unchanged,84.0
276,2025-12-04 00:56:43+00:00,13.42,74.62999725341797,,,,,,5.0,,dark_vessel,dark_unchanged,110.0
277,2025-12-04 00:56:43+00:00,13.57,74.51000213623047,,,,,,5.0,,dark_vessel,dark_unchanged,100.0
278,2025-12-04 00:56:43+00:00,12.15,74.48999786376953,,,,,,5.0,,dark_vessel,dark_unchanged,110.0
279,2025-12-23 00:48:36+00:00,12.9,74.6500015258789,538009085.0,DHALKUT,538009085.0,DHALKUT,,,locked,gfw_locked,gfw_confirmed,
280,2025-12-04 00:56:43+00:00,13.36,74.62000274658203,,,,,,5.0,,dark_vessel,dark_unchanged,112.0
281,2025-12-11 00:48:37+00:00,12.97,74.62000274658203,419001632.0,HARVEST,419001632.0,HARVEST,,,locked,gfw_locked,gfw_confirmed,
282,2025-12-04 00:56:43+00:00,13.22,74.66000366210938,,,,,,5.0,,dark_vessel,dark_unchanged,122.0
283,2025-12-04 00:56:43+00:00,13.38,74.48999786376953,,,419950531.0,HITHA MRINALI 1,1.803,1.803,consistent,relinked,newly_linked,111.0
284,2025-12-04 00:56:43+00:00,12.36,74.5,,,,,,5.0,,dark_vessel,dark_unchanged,117.0
285,2025-12-04 00:56:43+00:00,13.6,73.93000030517578,,,,,,5.0,,dark_vessel,dark_unchanged,51.0
286,2025-12-04 00:56:43+00:00,13.35,73.8499984741211,,,,,,5.0,,dark_vessel,dark_unchanged,62.0
287,2025-12-04 00:56:43+00:00,13.78,73.91000366210938,,,,,,5.0,,dark_vessel,dark_unchanged,39.0
288,2025-12-04 00:56:43+00:00,12.15,74.66999816894531,,,,,,5.0,,dark_vessel,dark_unchanged,108.0
289,2025-12-04 00:56:43+00:00,13.53,74.4800033569336,,,,,,5.0,,dark_vessel,dark_unchanged,105.0
290,2025-12-04 00:56:43+00:00,12.96,74.4800033569336,,,,,,5.0,,dark_vessel,dark_unchanged,142.0
291,2025-12-04 00:56:43+00:00,13.25,74.63999938964844,,,,,,5.0,,dark_vessel,dark_unchanged,119.0
292,2025-12-04 00:56:43+00:00,13.02,74.4000015258789,,,,,,5.0,,dark_vessel,dark_unchanged,137.0
293,2025-12-04 00:56:43+00:00,13.15,74.37000274658203,,,419957531.0,RASIL,2.29,2.29,consistent,relinked,newly_linked,123.0
294,2025-12-04 00:56:43+00:00,13.77,74.37000274658203,,,,,,5.0,,dark_vessel,dark_unchanged,57.0
295,2025-12-04 00:56:43+00:00,13.57,74.37999725341797,,,,,,5.0,,dark_vessel,dark_unchanged,101.0
296,2025-12-04 00:56:43+00:00,12.36,74.58000183105469,,,,,,5.0,,dark_vessel,dark_unchanged,117.0
297,2025-12-04 00:56:43+00:00,13.6,74.44000244140625,,,419950529.0,MAZDOOR,1.765,1.765,consistent,relinked,newly_linked,98.0
298,2025-12-04 00:56:43+00:00,12.9,74.58999633789062,,,,,,5.0,,dark_vessel,dark_unchanged,150.0
299,2025-12-04 00:56:43+00:00,13.27,73.94999694824219,,,,,,5.0,,dark_vessel,dark_unchanged,82.0
300,2025-12-04 00:56:43+00:00,13.52,74.5199966430664,,,,,,5.0,,dark_vessel,dark_unchanged,106.0
301,2025-12-04 00:56:43+00:00,13.64,74.44999694824219,,,,,,5.0,,dark_vessel,dark_unchanged,96.0
302,2025-12-04 00:56:43+00:00,13.47,74.5199966430664,,,419957231.0,AL MADEENA II,0.991,0.991,consistent,relinked,newly_linked,109.0
303,2025-12-04 00:56:43+00:00,13.31,74.55000305175781,,,419950701.0,DOLPHIN 2,0.599,0.599,consistent,relinked,newly_linked,114.0
304,2025-12-04 00:56:43+00:00,13.77,73.87999725341797,,,,,,5.0,,dark_vessel,dark_unchanged,39.0
305,2025-12-04 00:56:43+00:00,12.34,74.55999755859375,,,419950542.0,SEA HUNTER  66 67 C4,0.027,0.027,consistent,relinked,newly_linked,117.0
306,2025-12-04 00:56:43+00:00,13.18,74.52999877929688,,,,,,5.0,,dark_vessel,dark_unchanged,122.0
307,2025-12-04 00:56:43+00:00,12.45,74.55999755859375,,,,,,5.0,,dark_vessel,dark_unchanged,124.0
308,2025-12-04 00:56:43+00:00,13.0,74.54000091552734,,,,,,5.0,,dark_vessel,dark_unchanged,140.0
309,2025-12-04 00:56:43+00:00,13.39,74.62000274658203,,,,,,5.0,,dark_vessel,dark_unchanged,111.0
310,2025-12-04 00:56:43+00:00,13.04,74.5199966430664,,,,,,5.0,,dark_vessel,dark_unchanged,136.0
311,2025-12-04 00:56:43+00:00,13.73,74.51000213623047,,,,,,5.0,,dark_vessel,dark_unchanged,83.0
312,2025-12-04 00:56:43+00:00,13.59,74.58000183105469,,,,,,5.0,,dark_vessel,dark_unchanged,97.0
313,2025-12-04 00:56:43+00:00,13.39,74.41999816894531,,,,,,5.0,,dark_vessel,dark_unchanged,111.0
314,2025-12-04 00:56:43+00:00,13.49,74.62000274658203,,,,,,5.0,,dark_vessel,dark_unchanged,106.0
315,2025-12-04 00:56:43+00:00,13.23,74.05000305175781,,,,,,5.0,,dark_vessel,dark_unchanged,111.0
316,2025-12-11 00:48:37+00:00,13.04,74.62999725341797,419951326.0,MARYAM 1,419951326.0,MARYAM 1,,,locked,gfw_locked,gfw_confirmed,
317,2025-12-04 00:56:43+00:00,12.46,74.72000122070312,,,,,,5.0,,dark_vessel,dark_unchanged,124.0
318,2025-12-04 00:56:43+00:00,12.4,74.52999877929688,,,419950496.0,VISHWA SHESHAA 1,0.827,0.827,consistent,relinked,newly_linked,118.0
319,2025-12-04 00:56:43+00:00,13.5,74.52999877929688,,,,,,5.0,,dark_vessel,dark_unchanged,107.0
320,2025-12-04 00:56:43+00:00,12.54,74.33000183105469,,,,,,5.0,,dark_vessel,dark_unchanged,139.0
321,2025-12-04 00:56:43+00:00,13.57,73.8499984741211,,,,,,5.0,,dark_vessel,dark_unchanged,49.0
322,2025-12-04 00:56:43+00:00,13.8,74.16999816894531,,,,,,5.0,,dark_vessel,dark_unchanged,45.0
323,2025-12-04 00:56:43+00:00,13.37,73.87000274658203,,,,,,5.0,,dark_vessel,dark_unchanged,64.0
324,2025-12-04 00:56:43+00:00,13.01,74.62000274658203,,,419956203.0,SRI BRAHMALINGESHWAR,0.365,0.365,consistent,relinked,newly_linked,139.0
325,2025-12-04 00:56:43+00:00,12.37,74.33999633789062,,,,,,5.0,,dark_vessel,dark_unchanged,118.0
326,2025-12-04 00:56:43+00:00,13.53,74.47000122070312,,,,,,5.0,,dark_vessel,dark_unchanged,105.0
327,2025-12-04 00:56:43+00:00,13.31,74.58000183105469,,,,,,5.0,,dark_vessel,dark_unchanged,114.0
328,2025-12-04 00:56:43+00:00,13.74,74.52999877929688,,,,,,5.0,,dark_vessel,dark_unchanged,83.0
329,2025-12-04 00:56:43+00:00,12.74,74.47000122070312,,,,,,5.0,,dark_vessel,dark_unchanged,150.0
330,2025-12-04 00:56:43+00:00,13.48,74.55000305175781,,,,,,5.0,,dark_vessel,dark_unchanged,107.0
331,2025-12-04 00:56:43+00:00,12.89,74.5999984741211,,,,,,5.0,,dark_vessel,dark_unchanged,151.0
332,2025-12-04 00:56:43+00:00,12.63,74.44999694824219,,,,,,5.0,,dark_vessel,dark_unchanged,148.0
333,2025-12-04 00:56:43+00:00,13.45,74.61000061035156,,,,,,5.0,,dark_vessel,dark_unchanged,108.0
334,2025-12-04 00:56:43+00:00,13.68,74.52999877929688,,,,,,5.0,,dark_vessel,dark_unchanged,91.0
335,2025-12-04 00:56:43+00:00,12.74,74.62999725341797,,,419950613.0,IQRA 2,4.338,4.338,consistent,relinked,newly_linked,149.0
336,2025-12-04 00:56:43+00:00,13.53,74.45999908447266,,,,,,5.0,,dark_vessel,dark_unchanged,106.0
337,2025-12-11 00:48:37+00:00,12.97,74.62000274658203,419001632.0,HARVEST,419001632.0,HARVEST,,,locked,gfw_locked,gfw_confirmed,
338,2025-12-04 00:56:43+00:00,13.72,74.58999633789062,,,,,,5.0,,dark_vessel,dark_unchanged,88.0
339,2025-12-04 00:56:43+00:00,13.38,74.47000122070312,,,419950653.0,AL AIZAM,1.046,1.046,consistent,relinked,newly_linked,111.0
340,2025-12-04 00:56:43+00:00,13.4,74.62999725341797,,,,,,5.0,,dark_vessel,dark_unchanged,111.0
341,2025-12-04 00:56:43+00:00,12.19,75.06999969482422,,,,,,5.0,,dark_vessel,dark_unchanged,98.0
342,2025-12-04 00:56:43+00:00,12.87,74.80999755859375,,,419956204.0,BLUE DAIMOND,2.437,2.437,consistent,relinked,newly_linked,146.0
343,2025-12-04 00:56:43+00:00,13.53,74.62999725341797,,,,,,5.0,,dark_vessel,dark_unchanged,103.0
344,2025-12-04 00:56:43+00:00,13.07,74.70999908447266,,,,,,5.0,,dark_vessel,dark_unchanged,130.0
345,2025-12-04 00:56:43+00:00,12.84,74.80999755859375,,,419950018.0,MSV_MANDOVI,2.926,2.926,consistent,relinked,newly_linked,145.0
346,2025-12-04 00:56:43+00:00,13.6,74.55000305175781,,,,,,5.0,,dark_vessel,dark_unchanged,98.0
347,2025-12-04 00:56:43+00:00,13.41,74.5,,,419950586.0,AGASTYA,0.061,0.061,consistent,relinked,newly_linked,111.0
348,2025-12-04 00:56:43+00:00,13.2,73.97000122070312,,,,,,5.0,,dark_vessel,dark_unchanged,107.0
349,2025-12-04 00:56:43+00:00,13.62,74.48999786376953,,,,,,5.0,,dark_vessel,dark_unchanged,97.0
350,2025-12-04 00:56:43+00:00,13.54,74.48999786376953,,,,,,5.0,,dark_vessel,dark_unchanged,104.0
351,2025-12-04 00:56:43+00:00,12.05,74.55000305175781,,,,,,5.0,,dark_vessel,dark_unchanged,78.0
352,2025-12-04 00:56:43+00:00,13.06,74.08999633789062,,,,,,5.0,,dark_vessel,dark_unchanged,124.0
353,2025-12-04 00:56:43+00:00,13.45,74.44000244140625,,,,,,5.0,,dark_vessel,dark_unchanged,109.0
354,2025-12-04 00:56:43+00:00,12.71,74.69999694824219,,,419950500.0,AL MADEENA-3,1.989,1.989,consistent,relinked,newly_linked,145.0
355,2025-12-04 00:56:43+00:00,13.47,74.4800033569336,,,,,,5.0,,dark_vessel,dark_unchanged,109.0
356,2025-12-04 00:56:43+00:00,12.99,74.58999633789062,,,419951496.0,RISEN LORD,2.267,2.267,consistent,relinked,newly_linked,142.0
357,2025-12-04 00:56:43+00:00,13.44,74.19000244140625,,,,,,5.0,,dark_vessel,dark_unchanged,106.0
358,2025-12-04 00:56:43+00:00,13.74,74.41999816894531,,,,,,5.0,,dark_vessel,dark_unchanged,78.0
359,2025-12-04 00:56:43+00:00,12.04,74.69000244140625,,,,,,5.0,,dark_vessel,dark_unchanged,89.0
360,2025-12-04 00:56:43+00:00,12.27,74.58999633789062,,,,,,5.0,,dark_vessel,dark_unchanged,114.0
361,2025-12-04 00:56:43+00:00,13.05,74.13999938964844,,,,,,5.0,,dark_vessel,dark_unchanged,124.0
362,2025-12-04 00:56:43+00:00,12.33,74.66999816894531,,,,,,5.0,,dark_vessel,dark_unchanged,117.0
363,2025-12-04 00:56:43+00:00,13.61,74.16000366210938,,,,,,5.0,,dark_vessel,dark_unchanged,69.0
364,2025-12-04 00:56:43+00:00,13.04,74.41000366210938,,,,,,5.0,,dark_vessel,dark_unchanged,137.0
365,2025-12-04 00:56:43+00:00,13.8,74.54000091552734,,,,,,5.0,,dark_vessel,dark_unchanged,56.0
366,2025-12-04 00:56:43+00:00,12.65,74.48999786376953,,,,,,5.0,,dark_vessel,dark_unchanged,148.0
367,2025-12-04 00:56:43+00:00,12.49,74.4000015258789,,,,,,5.0,,dark_vessel,dark_unchanged,131.0
368,2025-12-04 00:56:43+00:00,12.82,74.66999816894531,,,419950386.0,SINCHANA,0.85,0.85,consistent,relinked,newly_linked,150.0
369,2025-12-04 00:56:43+00:00,13.18,74.45999908447266,,,,,,5.0,,dark_vessel,dark_unchanged,121.0
370,2025-12-04 00:56:43+00:00,13.5,74.5999984741211,,,,,,5.0,,dark_vessel,dark_unchanged,106.0
371,2025-12-04 00:56:43+00:00,13.29,74.58000183105469,,,,,,5.0,,dark_vessel,dark_unchanged,117.0
372,2025-12-04 00:56:43+00:00,13.24,74.69999694824219,,,,,,5.0,,dark_vessel,dark_unchanged,119.0
373,2025-12-04 00:56:43+00:00,12.32,74.45999908447266,,,,,,5.0,,dark_vessel,dark_unchanged,116.0
374,2025-12-04 00:56:43+00:00,13.71,74.4000015258789,,,,,,5.0,,dark_vessel,dark_unchanged,84.0
375,2025-12-04 00:56:43+00:00,12.5,74.79000091552734,,,,,,5.0,,dark_vessel,dark_unchanged,126.0
376,2025-12-04 00:56:43+00:00,12.31,74.48999786376953,,,,,,5.0,,dark_vessel,dark_unchanged,116.0
377,2025-12-04 00:56:43+00:00,12.72,74.70999908447266,,,,,,5.0,,dark_vessel,dark_unchanged,145.0
378,2025-12-04 00:56:43+00:00,13.02,74.26000213623047,,,,,,5.0,,dark_vessel,dark_unchanged,132.0
379,2025-12-04 00:56:43+00:00,13.38,74.45999908447266,,,419957412.0,AL AMR,2.479,2.479,consistent,relinked,newly_linked,111.0
380,2025-12-04 00:56:43+00:00,13.6,74.62000274658203,,,,,,5.0,,dark_vessel,dark_unchanged,97.0
381,2025-12-04 00:56:43+00:00,12.69,74.69000244140625,,,,,,5.0,,dark_vessel,dark_unchanged,145.0
382,2025-12-04 00:56:43+00:00,13.46,74.51000213623047,,,,,,5.0,,dark_vessel,dark_unchanged,109.0
383,2025-12-04 00:56:43+00:00,13.25,73.86000061035156,,,,,,5.0,,dark_vessel,dark_unchanged,74.0
384,2025-12-04 00:56:43+00:00,12.81,74.58999633789062,,,,,,5.0,,dark_vessel,dark_unchanged,150.0
385,2025-12-04 00:56:43+00:00,12.99,74.1500015258789,,,,,,5.0,,dark_vessel,dark_unchanged,131.0
386,2025-12-04 00:56:43+00:00,13.18,74.3499984741211,,,,,,5.0,,dark_vessel,dark_unchanged,122.0
387,2025-12-04 00:56:43+00:00,13.55,74.51000213623047,,,,,,5.0,,dark_vessel,dark_unchanged,102.0
388,2025-12-04 00:56:43+00:00,13.57,74.52999877929688,,,,,,5.0,,dark_vessel,dark_unchanged,100.0
389,2025-12-04 00:56:43+00:00,13.35,74.4000015258789,,,,,,5.0,,dark_vessel,dark_unchanged,113.0
390,2025-12-04 00:56:43+00:00,12.62,74.5,,,,,,5.0,,dark_vessel,dark_unchanged,147.0
391,2025-12-04 00:56:43+00:00,13.46,74.5199966430664,,,,,,5.0,,dark_vessel,dark_unchanged,109.0
392,2025-12-04 00:56:43+00:00,13.02,74.52999877929688,,,419957042.0,SHRI CHAKRA CHAMUNDI,0.995,0.995,consistent,relinked,newly_linked,136.0
393,2025-12-04 00:56:43+00:00,12.14,74.5,,,,,,5.0,,dark_vessel,dark_unchanged,110.0
394,2025-12-04 00:56:43+00:00,12.23,74.6500015258789,,,419951313.0,FATHAH,3.459,3.459,consistent,relinked,newly_linked,113.0
395,2025-12-04 00:56:43+00:00,12.27,74.5999984741211,,,,,,5.0,,dark_vessel,dark_unchanged,114.0
396,2025-12-04 00:56:43+00:00,13.71,74.48999786376953,,,,,,5.0,,dark_vessel,dark_unchanged,85.0
397,2025-12-04 00:56:43+00:00,13.33,74.51000213623047,,,419951326.0,MARYAM 1,3.31,3.31,consistent,relinked,newly_linked,114.0
398,2025-12-04 00:56:43+00:00,13.69,74.37000274658203,,,,,,5.0,,dark_vessel,dark_unchanged,84.0
399,2025-12-04 00:56:43+00:00,13.4,74.61000061035156,,,,,,5.0,,dark_vessel,dark_unchanged,111.0
400,2025-12-04 00:56:43+00:00,13.15,74.47000122070312,,,,,,5.0,,dark_vessel,dark_unchanged,123.0
401,2025-12-04 00:56:43+00:00,13.5,74.58999633789062,,,,,,5.0,,dark_vessel,dark_unchanged,106.0
402,2025-12-04 00:56:43+00:00,12.35,74.44000244140625,,,,,,5.0,,dark_vessel,dark_unchanged,117.0
403,2025-12-04 00:56:43+00:00,13.36,74.51000213623047,,,,,,5.0,,dark_vessel,dark_unchanged,113.0
404,2025-12-04 00:56:43+00:00,13.15,74.66000366210938,,,419950351.0,SHRESHTA,3.343,3.343,consistent,relinked,newly_linked,124.0
405,2025-12-04 00:56:43+00:00,13.53,74.52999877929688,,,,,,5.0,,dark_vessel,dark_unchanged,105.0
406,2025-12-04 00:56:43+00:00,13.45,74.62999725341797,,,,,,5.0,,dark_vessel,dark_unchanged,106.0
407,2025-12-04 00:56:43+00:00,13.25,74.69999694824219,,,,,,5.0,,dark_vessel,dark_unchanged,117.0
408,2025-12-04 00:56:43+00:00,12.49,74.33000183105469,,,,,,5.0,,dark_vessel,dark_unchanged,130.0
409,2025-12-04 00:56:43+00:00,12.61,74.33000183105469,,,,,,5.0,,dark_vessel,dark_unchanged,147.0
410,2025-12-04 00:56:43+00:00,12.04,74.55999755859375,,,,,,5.0,,dark_vessel,dark_unchanged,76.0
411,2025-12-04 00:56:43+00:00,13.28,74.44999694824219,,,,,,5.0,,dark_vessel,dark_unchanged,116.0
412,2025-12-04 00:56:43+00:00,13.55,74.5999984741211,,,,,,5.0,,dark_vessel,dark_unchanged,103.0
413,2025-12-04 00:56:43+00:00,13.61,74.12999725341797,,,,,,5.0,,dark_vessel,dark_unchanged,67.0
414,2025-12-04 00:56:43+00:00,13.05,74.01000213623047,,,,,,5.0,,dark_vessel,dark_unchanged,123.0
415,2025-12-04 00:56:43+00:00,13.47,74.48999786376953,,,419951454.0,B.M.,0.231,0.231,consistent,relinked,newly_linked,109.0
416,2025-12-04 00:56:43+00:00,13.26,74.69999694824219,,,,,,5.0,,dark_vessel,dark_unchanged,118.0
417,2025-12-04 00:56:43+00:00,12.66,74.30999755859375,,,,,,5.0,,dark_vessel,dark_unchanged,149.0
418,2025-12-04 00:56:43+00:00,13.36,74.43000030517578,,,,,,5.0,,dark_vessel,dark_unchanged,112.0
419,2025-12-04 00:56:43+00:00,13.73,74.27999877929688,,,,,,5.0,,dark_vessel,dark_unchanged,58.0
420,2025-12-11 00:48:37+00:00,12.92,74.79000091552734,419017300.0,DCI DREDGE XVI,419017300.0,DCI DREDGE XVI,,,locked,gfw_locked,gfw_confirmed,
421,2025-12-04 00:56:43+00:00,13.08,74.05999755859375,,,,,,5.0,,dark_vessel,dark_unchanged,122.0
422,2025-12-04 00:56:43+00:00,12.54,74.41999816894531,,,,,,5.0,,dark_vessel,dark_unchanged,139.0
423,2025-12-04 00:56:43+00:00,13.29,74.26000213623047,,,,,,5.0,,dark_vessel,dark_unchanged,113.0
424,2025-12-04 00:56:43+00:00,13.44,74.48999786376953,,,419957111.0,QASVA,0.16,0.16,consistent,relinked,newly_linked,109.0
425,2025-12-04 00:56:43+00:00,13.77,74.51000213623047,,,,,,5.0,,dark_vessel,dark_unchanged,81.0
426,2025-12-04 00:56:43+00:00,13.43,74.68000030517578,,,,,,5.0,,dark_vessel,dark_unchanged,107.0
427,2025-12-04 00:56:43+00:00,12.23,74.55000305175781,,,,,,5.0,,dark_vessel,dark_unchanged,113.0
428,2025-12-04 00:56:43+00:00,12.92,74.68000030517578,,,419779000.0,SCI MUKTA,0.0,0.0,consistent,relinked,newly_linked,149.0
429,2025-12-04 00:56:43+00:00,13.77,74.56999969482422,,,,,,5.0,,dark_vessel,dark_unchanged,81.0
430,2025-12-04 00:56:43+00:00,12.54,74.44999694824219,,,,,,5.0,,dark_vessel,dark_unchanged,139.0
431,2025-12-04 00:56:43+00:00,13.58,74.61000061035156,,,,,,5.0,,dark_vessel,dark_unchanged,99.0
432,2025-12-04 00:56:43+00:00,12.82,74.66999816894531,,,419951374.0,JOHN ANTONY 2,1.186,1.186,consistent,relinked,newly_linked,150.0
433,2025-12-04 00:56:43+00:00,12.78,74.47000122070312,,,,,,5.0,,dark_vessel,dark_unchanged,150.0
434,2025-12-04 00:56:43+00:00,13.46,74.58999633789062,,,,,,5.0,,dark_vessel,dark_unchanged,108.0
435,2025-12-04 00:56:43+00:00,13.68,74.37000274658203,,,,,,5.0,,dark_vessel,dark_unchanged,87.0
436,2025-12-04 00:56:43+00:00,13.26,74.66999816894531,,,,,,5.0,,dark_vessel,dark_unchanged,118.0
437,2025-12-04 00:56:43+00:00,12.17,74.66999816894531,,,,,,5.0,,dark_vessel,dark_unchanged,111.0
438,2025-12-04 00:56:43+00:00,13.16,74.6500015258789,,,,,,5.0,,dark_vessel,dark_unchanged,124.0
439,2025-12-04 00:56:43+00:00,12.44,74.7699966430664,,,,,,5.0,,dark_vessel,dark_unchanged,118.0
440,2025-12-04 00:56:43+00:00,13.4,74.44000244140625,,,,,,5.0,,dark_vessel,dark_unchanged,111.0
441,2026-01-04 00:48:35+00:00,12.89,74.69000244140625,419956059.0,MAKARA  JYOTHI,419956059.0,MAKARA  JYOTHI,,,locked,gfw_locked,gfw_confirmed,
442,2025-12-23 00:48:36+00:00,12.65,74.56999969482422,419951356.0,DURGA JYOTHI,419951356.0,DURGA JYOTHI,,,locked,gfw_locked,gfw_confirmed,
443,2025-12-04 00:56:43+00:00,13.8,74.52999877929688,,,,,,5.0,,dark_vessel,dark_unchanged,56.0
444,2025-12-04 00:56:43+00:00,13.32,74.55999755859375,,,419950286.0,RUDRA PRAYAG,0.061,0.061,consistent,relinked,newly_linked,114.0
445,2025-12-04 00:56:43+00:00,13.77,74.44999694824219,,,,,,5.0,,dark_vessel,dark_unchanged,62.0
446,2025-12-04 00:56:43+00:00,12.96,74.7300033569336,,,419951308.0,ALFA FISHERIES,4.107,4.107,consistent,relinked,newly_linked,145.0
447,2025-12-04 00:56:43+00:00,13.76,74.47000122070312,,,,,,5.0,,dark_vessel,dark_unchanged,76.0
448,2025-12-04 00:56:43+00:00,13.05,74.6500015258789,,,,,,5.0,,dark_vessel,dark_unchanged,132.0
449,2025-12-04 00:56:43+00:00,13.32,74.61000061035156,,,,,,5.0,,dark_vessel,dark_unchanged,114.0
450,2025-12-04 00:56:43+00:00,13.21,74.70999908447266,,,,,,5.0,,dark_vessel,dark_unchanged,122.0
451,2025-12-04 00:56:43+00:00,12.15,74.63999938964844,,,,,,5.0,,dark_vessel,dark_unchanged,110.0
452,2025-12-04 00:56:43+00:00,13.22,74.62000274658203,,,,,,5.0,,dark_vessel,dark_unchanged,122.0
453,2025-12-04 00:56:43+00:00,13.33,74.13999938964844,,,,,,5.0,,dark_vessel,dark_unchanged,107.0
454,2025-12-04 00:56:43+00:00,13.56,74.52999877929688,,,,,,5.0,,dark_vessel,dark_unchanged,101.0
455,2025-12-04 00:56:43+00:00,13.56,74.61000061035156,,,,,,5.0,,dark_vessel,dark_unchanged,100.0
456,2025-12-04 00:56:43+00:00,13.22,74.08000183105469,,,,,,5.0,,dark_vessel,dark_unchanged,112.0
457,2025-12-04 00:56:43+00:00,13.03,74.4000015258789,,,,,,5.0,,dark_vessel,dark_unchanged,137.0
458,2025-12-04 00:56:43+00:00,13.52,74.4800033569336,,,,,,5.0,,dark_vessel,dark_unchanged,106.0
459,2025-12-04 00:56:43+00:00,13.44,74.55000305175781,,,,,,5.0,,dark_vessel,dark_unchanged,109.0
460,2025-12-04 00:56:43+00:00,13.47,74.0999984741211,,,,,,5.0,,dark_vessel,dark_unchanged,99.0
461,2025-12-04 00:56:43+00:00,12.48,74.76000213623047,,,,,,5.0,,dark_vessel,dark_unchanged,124.0
462,2025-12-04 00:56:43+00:00,13.5,74.58999633789062,,,,,,5.0,,dark_vessel,dark_unchanged,106.0
463,2025-12-04 00:56:43+00:00,13.41,74.56999969482422,,,,,,5.0,,dark_vessel,dark_unchanged,111.0
464,2025-12-23 00:48:36+00:00,12.9,74.6500015258789,419001902.0,BURAQ 11,419001902.0,BURAQ 11,,,locked,gfw_locked,gfw_confirmed,
465,2025-12-04 00:56:43+00:00,13.53,74.33000183105469,,,,,,5.0,,dark_vessel,dark_unchanged,105.0
466,2025-12-04 00:56:43+00:00,13.52,74.55000305175781,,,,,,5.0,,dark_vessel,dark_unchanged,105.0
467,2025-12-04 00:56:43+00:00,13.12,74.3499984741211,,,,,,5.0,,dark_vessel,dark_unchanged,124.0
468,2025-12-04 00:56:43+00:00,12.16,74.6500015258789,,,,,,5.0,,dark_vessel,dark_unchanged,111.0
469,2025-12-04 00:56:43+00:00,12.33,74.4800033569336,,,,,,5.0,,dark_vessel,dark_unchanged,117.0
470,2025-12-04 00:56:43+00:00,12.19,74.6500015258789,,,419950326.0,YAMUNA PRASAD 3,2.214,2.214,consistent,relinked,newly_linked,112.0
471,2025-12-04 00:56:43+00:00,13.66,74.55999755859375,,,,,,5.0,,dark_vessel,dark_unchanged,95.0
472,2025-12-04 00:56:43+00:00,12.35,74.81999969482422,,,419818385.0,BLESSING.VHF.148.110,1.544,1.544,consistent,relinked,newly_linked,114.0
473,2025-12-04 00:56:43+00:00,13.29,74.69000244140625,,,,,,5.0,,dark_vessel,dark_unchanged,115.0
474,2025-12-04 00:56:43+00:00,12.91,74.61000061035156,,,,,,5.0,,dark_vessel,dark_unchanged,150.0
475,2025-12-04 00:56:43+00:00,13.24,74.54000091552734,,,,,,5.0,,dark_vessel,dark_unchanged,120.0
476,2025-12-04 00:56:43+00:00,13.36,74.5199966430664,,,,,,5.0,,dark_vessel,dark_unchanged,112.0
477,2025-12-04 00:56:43+00:00,13.22,74.41999816894531,,,,,,5.0,,dark_vessel,dark_unchanged,121.0
478,2025-12-04 00:56:43+00:00,12.68,74.48999786376953,,,,,,5.0,,dark_vessel,dark_unchanged,148.0
479,2025-12-04 00:56:43+00:00,13.18,74.1500015258789,,,,,,5.0,,dark_vessel,dark_unchanged,118.0
480,2025-12-04 00:56:43+00:00,12.45,74.5999984741211,,,,,,5.0,,dark_vessel,dark_unchanged,124.0
481,2025-12-04 00:56:43+00:00,12.32,74.52999877929688,,,,,,5.0,,dark_vessel,dark_unchanged,117.0
482,2025-12-04 00:56:43+00:00,13.36,74.16999816894531,,,,,,5.0,,dark_vessel,dark_unchanged,107.0
483,2025-12-04 00:56:43+00:00,13.53,74.63999938964844,,,,,,5.0,,dark_vessel,dark_unchanged,102.0
484,2025-12-04 00:56:43+00:00,13.26,73.95999908447266,,,,,,5.0,,dark_vessel,dark_unchanged,96.0
485,2025-12-04 00:56:43+00:00,13.68,74.55000305175781,,,,,,5.0,,dark_vessel,dark_unchanged,93.0
486,2025-12-04 00:56:43+00:00,12.24,74.48999786376953,,,,,,5.0,,dark_vessel,dark_unchanged,115.0
487,2025-12-04 00:56:43+00:00,12.01,74.66999816894531,,,538004202.0,ONE MISSION,3.486,3.486,consistent,relinked,newly_linked,71.0
488,2025-12-04 00:56:43+00:00,13.57,74.4800033569336,,,,,,5.0,,dark_vessel,dark_unchanged,101.0
489,2025-12-23 00:48:36+00:00,13.36,74.52999877929688,419956954.0,GAUTAM ADITI,419956954.0,GAUTAM ADITI,,,locked,gfw_locked,gfw_confirmed,
490,2025-12-23 00:49:01+00:00,12.26,74.51000213623047,419950536.0,SOURABH 3,419950536.0,SOURABH 3,,,locked,gfw_locked,gfw_confirmed,
491,2025-12-04 00:56:43+00:00,13.53,74.62999725341797,,,,,,5.0,,dark_vessel,dark_unchanged,103.0
492,2025-12-04 00:56:43+00:00,12.17,74.56999969482422,,,,,,5.0,,dark_vessel,dark_unchanged,111.0
493,2025-12-04 00:56:43+00:00,12.34,74.5199966430664,,,419957187.0,SHAMBHAVI PRASAD,2.468,2.468,consistent,relinked,newly_linked,117.0
494,2025-12-04 00:56:43+00:00,12.16,74.62000274658203,,,,,,5.0,,dark_vessel,dark_unchanged,111.0
495,2025-12-04 00:56:43+00:00,12.77,74.29000091552734,,,,,,5.0,,dark_vessel,dark_unchanged,147.0
496,2025-12-04 00:56:43+00:00,12.14,74.66999816894531,,,,,,5.0,,dark_vessel,dark_unchanged,108.0
497,2025-12-04 00:56:43+00:00,13.4,74.62999725341797,,,,,,5.0,,dark_vessel,dark_unchanged,111.0
498,2025-12-04 00:56:43+00:00,13.43,74.55999755859375,,,419950626.0,ZAID,3.169,3.169,consistent,relinked,newly_linked,111.0
499,2025-12-04 00:56:43+00:00,12.36,74.45999908447266,,,,,,5.0,,dark_vessel,dark_unchanged,117.0
500,2025-12-04 00:56:43+00:00,13.55,74.47000122070312,,,,,,5.0,,dark_vessel,dark_unchanged,104.0
501,2025-12-04 00:56:43+00:00,12.36,74.43000030517578,,,,,,5.0,,dark_vessel,dark_unchanged,117.0
502,2025-12-04 00:56:43+00:00,13.25,74.5,,,,,,5.0,,dark_vessel,dark_unchanged,119.0
503,2025-12-04 00:56:43+00:00,12.45,74.58999633789062,,,563105700.0,ASL IXORA,1.117,1.117,consistent,relinked,newly_linked,124.0
504,2025-12-04 00:56:43+00:00,12.94,74.66000366210938,,,351366000.0,HEUNG-A PIONEER,1.112,1.112,consistent,relinked,newly_linked,149.0
505,2025-12-04 00:56:43+00:00,13.37,74.45999908447266,,,419951329.0,AVE MARIA 1,2.351,2.351,consistent,relinked,newly_linked,112.0
506,2025-12-04 00:56:43+00:00,12.8,74.80000305175781,,,,,,5.0,,dark_vessel,dark_unchanged,145.0
507,2025-12-04 00:56:43+00:00,12.92,74.61000061035156,,,419950494.0,MUSKAN,2.723,2.723,consistent,relinked,newly_linked,149.0
508,2025-12-04 00:56:43+00:00,13.25,74.4800033569336,,,,,,5.0,,dark_vessel,dark_unchanged,119.0
509,2025-12-04 00:56:43+00:00,12.03,74.7300033569336,,,,,,5.0,,dark_vessel,dark_unchanged,80.0
510,2025-12-11 00:48:37+00:00,12.93,74.79000091552734,419000905.0,DAWN MANSAROVAR,419801746.0,YOJAKA DHRUV,1.084,1.084,consistent,relinked,gfw_corrected,107.0
511,2025-12-04 00:56:43+00:00,13.02,74.63999938964844,,,248550000.0,PERTH I,2.474,2.474,consistent,relinked,newly_linked,134.0
512,2025-12-04 00:56:43+00:00,12.98,74.5199966430664,,,,,,5.0,,dark_vessel,dark_unchanged,142.0
513,2025-12-04 00:56:43+00:00,13.33,73.88999938964844,,,,,,5.0,,dark_vessel,dark_unchanged,69.0
514,2025-12-04 00:56:43+00:00,13.11,74.61000061035156,,,,,,5.0,,dark_vessel,dark_unchanged,129.0
515,2025-12-04 00:56:43+00:00,12.89,74.3499984741211,,,419000174.0,VISHVA PRERNA,1.037,1.037,consistent,relinked,newly_linked,143.0
516,2025-12-04 00:56:43+00:00,12.62,74.69999694824219,,,,,,5.0,,dark_vessel,dark_unchanged,144.0
517,2025-12-11 00:48:37+00:00,13.43,74.43000030517578,419081323.0,JERO NET 6-88%,419081323.0,JERO NET 6-88%,,,locked,gfw_locked,gfw_confirmed,
518,2025-12-04 00:56:43+00:00,13.32,74.62999725341797,,,,,,5.0,,dark_vessel,dark_unchanged,114.0
519,2025-12-04 00:56:43+00:00,13.76,74.38999938964844,,,,,,5.0,,dark_vessel,dark_unchanged,62.0
520,2025-12-04 00:56:43+00:00,12.6,74.29000091552734,,,,,,5.0,,dark_vessel,dark_unchanged,143.0
521,2025-12-04 00:56:43+00:00,13.2,74.56999969482422,,,,,,5.0,,dark_vessel,dark_unchanged,122.0
522,2025-12-04 00:56:43+00:00,13.58,74.63999938964844,,,,,,5.0,,dark_vessel,dark_unchanged,99.0
523,2025-12-11 00:48:37+00:00,13.4,74.58000183105469,419699621.0,MASTER,,,,5.0,,dark_vessel,gfw_rejected_to_dark,90.0
524,2025-12-04 00:56:43+00:00,13.5,74.47000122070312,,,,,,5.0,,dark_vessel,dark_unchanged,108.0
525,2025-12-04 00:56:43+00:00,13.32,74.63999938964844,,,,,,5.0,,dark_vessel,dark_unchanged,114.0
526,2025-12-23 00:49:01+00:00,12.31,74.33000183105469,354884000.0,SPIL KARTIKA,,,,5.0,,dark_vessel,gfw_rejected_to_dark,67.0
527,2025-12-04 00:56:43+00:00,12.86,74.69999694824219,,,,,,5.0,,dark_vessel,dark_unchanged,149.0
528,2025-12-04 00:56:43+00:00,13.48,74.06999969482422,,,,,,5.0,,dark_vessel,dark_unchanged,78.0
529,2025-12-04 00:56:43+00:00,13.4,74.41999816894531,,,,,,5.0,,dark_vessel,dark_unchanged,110.0
530,2025-12-04 00:56:43+00:00,13.5,74.5,,,,,,5.0,,dark_vessel,dark_unchanged,107.0
531,2025-12-04 00:56:43+00:00,13.25,74.70999908447266,,,,,,5.0,,dark_vessel,dark_unchanged,117.0
532,2025-12-04 00:56:43+00:00,13.07,74.58000183105469,,,419823471.0,RITHIK 1 NET BOAT,1.998,1.998,consistent,relinked,newly_linked,131.0
533,2025-12-04 00:56:43+00:00,12.7,74.81999969482422,,,419950685.0,VISHNU,4.446,4.446,consistent,relinked,newly_linked,145.0
534,2025-12-04 00:56:43+00:00,13.4,74.41999816894531,,,,,,5.0,,dark_vessel,dark_unchanged,110.0
535,2025-12-04 00:56:43+00:00,12.29,74.83999633789062,,,419951392.0,AL NOOR 1,2.43,2.43,consistent,relinked,newly_linked,110.0
536,2025-12-04 00:56:43+00:00,12.79,74.63999938964844,,,419950475.0,SHREE BHAGAVATHI,3.242,3.242,consistent,relinked,newly_linked,150.0
537,2025-12-04 00:56:43+00:00,13.48,74.55999755859375,,,,,,5.0,,dark_vessel,dark_unchanged,107.0
538,2025-12-04 00:56:43+00:00,13.44,74.4000015258789,,,,,,5.0,,dark_vessel,dark_unchanged,109.0
539,2025-12-04 00:56:43+00:00,13.42,73.80000305175781,,,,,,5.0,,dark_vessel,dark_unchanged,53.0
540,2025-12-04 00:56:43+00:00,13.36,74.5,,,419950690.0,SHRI DEVIDARSHAN,0.97,0.97,consistent,relinked,newly_linked,113.0
541,2025-12-04 00:56:43+00:00,12.46,74.76000213623047,,,,,,5.0,,dark_vessel,dark_unchanged,124.0
542,2025-12-04 00:56:43+00:00,13.71,74.5199966430664,,,,,,5.0,,dark_vessel,dark_unchanged,85.0
543,2025-12-04 00:56:43+00:00,13.25,74.68000030517578,,,,,,5.0,,dark_vessel,dark_unchanged,118.0
544,2025-12-04 00:56:43+00:00,13.59,74.5999984741211,,,,,,5.0,,dark_vessel,dark_unchanged,98.0
545,2025-12-04 00:56:43+00:00,12.96,74.44000244140625,,,,,,5.0,,dark_vessel,dark_unchanged,142.0
546,2025-12-04 00:56:43+00:00,13.55,74.29000091552734,,,,,,5.0,,dark_vessel,dark_unchanged,101.0
547,2025-12-04 00:56:43+00:00,13.54,74.61000061035156,,,,,,5.0,,dark_vessel,dark_unchanged,102.0
548,2025-12-04 00:56:43+00:00,12.7,74.83000183105469,,,419951413.0,KANZ UL BAHR,1.814,1.814,consistent,relinked,newly_linked,145.0
549,2025-12-04 00:56:43+00:00,12.54,74.58999633789062,,,419909179.0,ANAMITHRA,0.882,0.882,consistent,relinked,newly_linked,138.0
550,2025-12-04 00:56:43+00:00,12.45,74.37000274658203,,,,,,5.0,,dark_vessel,dark_unchanged,125.0
551,2025-12-04 00:56:43+00:00,12.6,74.44000244140625,,,,,,5.0,,dark_vessel,dark_unchanged,147.0
552,2025-12-04 00:56:43+00:00,13.47,74.61000061035156,,,,,,5.0,,dark_vessel,dark_unchanged,106.0
553,2025-12-04 00:56:43+00:00,13.3,74.61000061035156,,,,,,5.0,,dark_vessel,dark_unchanged,114.0
554,2025-12-04 00:56:43+00:00,13.76,73.8499984741211,,,,,,5.0,,dark_vessel,dark_unchanged,39.0
555,2025-12-04 00:56:43+00:00,13.47,74.55000305175781,,,,,,5.0,,dark_vessel,dark_unchanged,109.0
556,2025-12-04 00:56:43+00:00,13.16,74.25,,,,,,5.0,,dark_vessel,dark_unchanged,123.0
557,2025-12-04 00:56:43+00:00,13.78,74.36000061035156,,,,,,5.0,,dark_vessel,dark_unchanged,57.0
558,2025-12-04 00:56:43+00:00,12.85,74.2699966430664,,,,,,5.0,,dark_vessel,dark_unchanged,142.0
559,2025-12-04 00:56:43+00:00,13.09,74.4800033569336,,,,,,5.0,,dark_vessel,dark_unchanged,132.0
560,2025-12-04 00:56:43+00:00,12.89,74.58000183105469,,,,,,5.0,,dark_vessel,dark_unchanged,150.0
561,2025-12-04 00:56:43+00:00,13.31,74.61000061035156,,,,,,5.0,,dark_vessel,dark_unchanged,114.0
562,2025-12-04 00:56:43+00:00,13.6,74.37000274658203,,,,,,5.0,,dark_vessel,dark_unchanged,98.0
563,2025-12-04 00:56:43+00:00,13.46,74.4800033569336,,,,,,5.0,,dark_vessel,dark_unchanged,109.0
564,2025-12-04 00:56:43+00:00,13.4,74.56999969482422,,,,,,5.0,,dark_vessel,dark_unchanged,111.0
565,2025-12-04 00:56:43+00:00,13.48,74.58999633789062,,,,,,5.0,,dark_vessel,dark_unchanged,106.0
566,2025-12-04 00:56:43+00:00,13.27,74.44999694824219,,,,,,5.0,,dark_vessel,dark_unchanged,117.0
567,2025-12-04 00:56:43+00:00,12.22,74.55999755859375,,,,,,5.0,,dark_vessel,dark_unchanged,113.0
568,2025-12-04 00:56:43+00:00,13.33,74.43000030517578,,,,,,5.0,,dark_vessel,dark_unchanged,113.0
569,2025-12-04 00:56:43+00:00,13.49,74.5199966430664,,,,,,5.0,,dark_vessel,dark_unchanged,108.0
570,2025-12-04 00:56:43+00:00,13.04,74.62000274658203,,,,,,5.0,,dark_vessel,dark_unchanged,132.0
571,2025-12-04 00:56:43+00:00,13.53,74.56999969482422,,,,,,5.0,,dark_vessel,dark_unchanged,104.0
572,2025-12-04 00:56:43+00:00,13.46,74.5,,,,,,5.0,,dark_vessel,dark_unchanged,109.0
573,2025-12-04 00:56:43+00:00,13.07,74.33000183105469,,,,,,5.0,,dark_vessel,dark_unchanged,128.0
574,2025-12-04 00:56:43+00:00,13.48,74.62999725341797,,,,,,5.0,,dark_vessel,dark_unchanged,106.0
575,2025-12-04 00:56:43+00:00,13.54,73.80999755859375,,,,,,5.0,,dark_vessel,dark_unchanged,47.0
576,2025-12-04 00:56:43+00:00,12.52,74.47000122070312,,,,,,5.0,,dark_vessel,dark_unchanged,138.0
577,2025-12-04 00:56:43+00:00,13.53,74.55000305175781,,,,,,5.0,,dark_vessel,dark_unchanged,105.0
578,2025-12-04 00:56:43+00:00,13.54,74.0,,,,,,5.0,,dark_vessel,dark_unchanged,60.0
579,2025-12-04 00:56:43+00:00,12.41,74.30999755859375,,,,,,5.0,,dark_vessel,dark_unchanged,118.0
580,2025-12-04 00:56:43+00:00,12.3,74.47000122070312,,,,,,5.0,,dark_vessel,dark_unchanged,116.0
581,2026-01-04 00:49:00+00:00,12.44,74.41000366210938,419950333.0,SHAMBAVI PRASAD.,419950333.0,SHAMBAVI PRASAD.,,,locked,gfw_locked,gfw_confirmed,
582,2025-12-04 00:56:43+00:00,13.69,74.41999816894531,,,,,,5.0,,dark_vessel,dark_unchanged,86.0
583,2025-12-04 00:56:43+00:00,12.39,74.80000305175781,,,,,,5.0,,dark_vessel,dark_unchanged,116.0
584,2025-12-23 00:49:01+00:00,12.44,74.68000030517578,419950737.0,ASHIYANA,419950737.0,ASHIYANA,,,locked,gfw_locked,gfw_confirmed,
585,2025-12-04 00:56:43+00:00,12.38,74.4800033569336,,,419951430.0,SNEHA BHARATHI,3.932,3.932,consistent,relinked,newly_linked,118.0
586,2025-12-04 00:56:43+00:00,12.95,74.37999725341797,,,,,,5.0,,dark_vessel,dark_unchanged,142.0
587,2025-12-11 00:48:37+00:00,12.96,74.69999694824219,419017300.0,DCI DREDGE XVI,,,,5.0,,dark_vessel,gfw_rejected_to_dark,108.0
588,2025-12-04 00:56:43+00:00,12.82,74.69000244140625,,,,,,5.0,,dark_vessel,dark_unchanged,149.0
589,2025-12-04 00:56:43+00:00,12.15,74.94000244140625,,,419957171.0,HITHA VIKRANTH,1.153,1.153,consistent,relinked,newly_linked,100.0
590,2025-12-04 00:56:43+00:00,12.32,74.58000183105469,,,,,,5.0,,dark_vessel,dark_unchanged,117.0
591,2025-12-04 00:56:43+00:00,12.23,74.5999984741211,,,419950325.0,YAMUNA PRASAD,1.549,1.549,consistent,relinked,newly_linked,114.0
592,2025-12-04 00:56:43+00:00,13.42,74.5999984741211,,,,,,5.0,,dark_vessel,dark_unchanged,111.0
593,2025-12-04 00:56:43+00:00,13.27,74.4000015258789,,,,,,5.0,,dark_vessel,dark_unchanged,117.0
594,2025-12-04 00:56:43+00:00,12.41,74.41000366210938,,,,,,5.0,,dark_vessel,dark_unchanged,119.0
595,2025-12-04 00:56:43+00:00,13.57,74.41000366210938,,,,,,5.0,,dark_vessel,dark_unchanged,100.0
596,2025-12-04 00:56:43+00:00,12.48,74.3499984741211,,,,,,5.0,,dark_vessel,dark_unchanged,129.0
597,2025-12-11 00:48:37+00:00,12.97,74.44000244140625,419956122.0,HARI KRIPA 2,,,,5.0,,dark_vessel,gfw_rejected_to_dark,107.0
598,2025-12-11 00:48:37+00:00,12.75,74.72000122070312,419957255.0,JOHN LAWRENCE 2,419957255.0,JOHN LAWRENCE 2,,,locked,gfw_locked,gfw_confirmed,
599,2025-12-04 00:56:43+00:00,13.31,74.62999725341797,,,,,,5.0,,dark_vessel,dark_unchanged,114.0
600,2025-12-04 00:56:43+00:00,13.59,74.61000061035156,,,,,,5.0,,dark_vessel,dark_unchanged,98.0
601,2025-12-04 00:56:43+00:00,13.31,74.63999938964844,,,,,,5.0,,dark_vessel,dark_unchanged,114.0
602,2025-12-04 00:56:43+00:00,12.47,74.52999877929688,,,,,,5.0,,dark_vessel,dark_unchanged,129.0
603,2025-12-04 00:56:43+00:00,13.41,74.51000213623047,,,419950450.0,AL`MUQEET,1.633,1.633,consistent,relinked,newly_linked,111.0
604,2025-12-04 00:56:43+00:00,13.79,74.16999816894531,,,,,,5.0,,dark_vessel,dark_unchanged,47.0
605,2025-12-11 00:48:37+00:00,12.92,74.79000091552734,419017300.0,DCI DREDGE XVI,419017300.0,DCI DREDGE XVI,,,locked,gfw_locked,gfw_confirmed,
606,2025-12-04 00:56:43+00:00,13.03,74.69000244140625,,,,,,5.0,,dark_vessel,dark_unchanged,132.0
607,2025-12-23 00:49:01+00:00,12.15,74.1500015258789,636020351.0,ZIM HAIFA,636020351.0,ZIM HAIFA,,,locked,gfw_locked,gfw_confirmed,
608,2025-12-04 00:56:43+00:00,12.65,74.75,,,419957307.0,SUNAYA SAGAR,2.394,2.394,consistent,relinked,newly_linked,145.0
609,2025-12-04 00:56:43+00:00,12.87,74.5999984741211,,,,,,5.0,,dark_vessel,dark_unchanged,150.0
610,2025-12-23 00:48:36+00:00,12.95,74.62000274658203,249799000.0,ELENI M II,249799000.0,ELENI M II,,,locked,gfw_locked,gfw_confirmed,
611,2025-12-04 00:56:43+00:00,13.0,74.52999877929688,,,,,,5.0,,dark_vessel,dark_unchanged,140.0
612,2025-12-04 00:56:43+00:00,12.69,74.7300033569336,,,,,,5.0,,dark_vessel,dark_unchanged,145.0
613,2025-12-04 00:56:43+00:00,13.35,74.37000274658203,,,,,,5.0,,dark_vessel,dark_unchanged,113.0
614,2025-12-04 00:56:43+00:00,12.37,74.69999694824219,,,,,,5.0,,dark_vessel,dark_unchanged,117.0
615,2025-12-04 00:56:43+00:00,13.76,74.55000305175781,,,,,,5.0,,dark_vessel,dark_unchanged,82.0
616,2025-12-04 00:56:43+00:00,13.48,74.19999694824219,,,,,,5.0,,dark_vessel,dark_unchanged,105.0
617,2025-12-04 00:56:43+00:00,12.35,74.77999877929688,,,,,,5.0,,dark_vessel,dark_unchanged,116.0
618,2025-12-04 00:56:43+00:00,12.7,74.69000244140625,,,,,,5.0,,dark_vessel,dark_unchanged,145.0
619,2025-12-04 00:56:43+00:00,12.8,74.37000274658203,,,,,,5.0,,dark_vessel,dark_unchanged,151.0
620,2025-12-04 00:56:43+00:00,12.81,74.76000213623047,,,,,,5.0,,dark_vessel,dark_unchanged,147.0
621,2025-12-04 00:56:43+00:00,13.53,74.5,,,,,,5.0,,dark_vessel,dark_unchanged,105.0
622,2025-12-04 00:56:43+00:00,13.52,74.55999755859375,,,,,,5.0,,dark_vessel,dark_unchanged,105.0
623,2025-12-11 00:48:37+00:00,13.23,74.66999816894531,419952242.0,VEERA HANUMA,419952242.0,VEERA HANUMA,,,locked,gfw_locked,gfw_confirmed,
624,2025-12-23 00:49:01+00:00,12.49,74.69999694824219,419000175.0,VISHVA EKTA,419000175.0,VISHVA EKTA,,,locked,gfw_locked,gfw_confirmed,
625,2025-12-11 00:48:37+00:00,12.92,74.69999694824219,419001669.0,BW OAK,419001669.0,BW OAK,,,locked,gfw_locked,gfw_confirmed,
626,2025-12-04 00:56:43+00:00,12.96,74.69000244140625,,,563206300.0,STOLT MOMIJI,3.436,3.436,consistent,relinked,newly_linked,145.0
627,2025-12-04 00:56:43+00:00,13.49,74.45999908447266,,,,,,5.0,,dark_vessel,dark_unchanged,108.0
628,2025-12-04 00:56:43+00:00,13.66,73.83000183105469,,,,,,5.0,,dark_vessel,dark_unchanged,41.0
629,2025-12-04 00:56:43+00:00,12.18,74.66999816894531,,,,,,5.0,,dark_vessel,dark_unchanged,112.0
630,2025-12-11 00:48:37+00:00,12.95,74.66000366210938,314878000.0,A A P,314878000.0,A A P,,,locked,gfw_locked,gfw_confirmed,
631,2025-12-04 00:56:43+00:00,13.52,74.62999725341797,,,,,,5.0,,dark_vessel,dark_unchanged,104.0
632,2025-12-11 00:48:37+00:00,13.16,74.69999694824219,419951226.0,MAHIMA  IV,419951226.0,MAHIMA  IV,,,locked,gfw_locked,gfw_confirmed,
633,2025-12-04 00:56:43+00:00,13.8,74.48999786376953,,,,,,5.0,,dark_vessel,dark_unchanged,56.0
634,2025-12-04 00:56:43+00:00,12.03,74.81999969482422,,,,,,5.0,,dark_vessel,dark_unchanged,79.0
635,2025-12-04 00:56:43+00:00,13.64,74.5,,,,,,5.0,,dark_vessel,dark_unchanged,96.0
636,2025-12-04 00:56:43+00:00,12.03,74.36000061035156,,,,,,5.0,,dark_vessel,dark_unchanged,67.0
637,2025-12-04 00:56:43+00:00,13.26,74.55000305175781,,,,,,5.0,,dark_vessel,dark_unchanged,118.0
638,2025-12-04 00:56:43+00:00,12.65,74.26000213623047,,,,,,5.0,,dark_vessel,dark_unchanged,147.0
639,2025-12-04 00:56:43+00:00,13.47,74.63999938964844,,,,,,5.0,,dark_vessel,dark_unchanged,106.0
640,2025-12-04 00:56:43+00:00,12.31,74.52999877929688,,,,,,5.0,,dark_vessel,dark_unchanged,116.0
641,2025-12-04 00:56:43+00:00,12.88,74.66999816894531,,,419908664.0,,0.623,0.623,consistent,relinked,newly_linked,150.0
642,2025-12-04 00:56:43+00:00,13.63,74.56999969482422,,,,,,5.0,,dark_vessel,dark_unchanged,96.0
643,2025-12-11 00:48:37+00:00,12.85,74.69999694824219,419950473.0,AL ARMAAN 1,419950473.0,AL ARMAAN 1,,,locked,gfw_locked,gfw_confirmed,
644,2026-01-04 00:48:35+00:00,12.66,74.25,419951349.0,SURABHI,419951349.0,SURABHI,,,locked,gfw_locked,gfw_confirmed,
645,2025-12-04 00:56:43+00:00,12.97,74.38999938964844,,,,,,5.0,,dark_vessel,dark_unchanged,141.0
646,2025-12-04 00:56:43+00:00,12.42,74.55000305175781,,,,,,5.0,,dark_vessel,dark_unchanged,121.0
647,2025-12-23 00:48:36+00:00,12.94,74.62999725341797,664288000.0,SEYCHELLES PIONEER,664288000.0,SEYCHELLES PIONEER,,,locked,gfw_locked,gfw_confirmed,
648,2025-12-04 00:56:43+00:00,12.51,74.38999938964844,,,,,,5.0,,dark_vessel,dark_unchanged,136.0
649,2025-12-04 00:56:43+00:00,12.53,74.27999877929688,,,,,,5.0,,dark_vessel,dark_unchanged,136.0
650,2025-12-23 00:49:01+00:00,12.26,74.48999786376953,419956049.0,THAQWA,419956049.0,THAQWA,,,locked,gfw_locked,gfw_confirmed,
651,2026-01-04 00:48:35+00:00,12.99,74.41999816894531,511100268.0,ARIHANT,511100268.0,ARIHANT,,,locked,gfw_locked,gfw_confirmed,
652,2025-12-04 00:56:43+00:00,13.39,74.62000274658203,,,,,,5.0,,dark_vessel,dark_unchanged,111.0
653,2025-12-04 00:56:43+00:00,13.48,74.62000274658203,,,,,,5.0,,dark_vessel,dark_unchanged,106.0
654,2025-12-04 00:56:43+00:00,12.36,74.55999755859375,,,419950661.0,BAZUL ASH HAB,1.636,1.636,consistent,relinked,newly_linked,117.0
655,2025-12-04 00:56:43+00:00,12.08,74.56999969482422,,,419951431.0,SNEHA SONU,4.196,4.196,consistent,relinked,newly_linked,102.0
656,2025-12-04 00:56:43+00:00,12.38,74.5999984741211,,,,,,5.0,,dark_vessel,dark_unchanged,118.0
657,2025-12-04 00:56:43+00:00,13.29,73.9800033569336,,,,,,5.0,,dark_vessel,dark_unchanged,101.0
658,2025-12-04 00:56:43+00:00,12.18,74.55999755859375,,,419957208.0,SURAKSHA 2,2.447,2.447,consistent,relinked,newly_linked,112.0
659,2025-12-04 00:56:43+00:00,12.31,74.5,,,,,,5.0,,dark_vessel,dark_unchanged,116.0
660,2025-12-04 00:56:43+00:00,13.13,73.81999969482422,,,,,,5.0,,dark_vessel,dark_unchanged,77.0
661,2025-12-04 00:56:43+00:00,12.61,74.41999816894531,,,,,,5.0,,dark_vessel,dark_unchanged,147.0
662,2025-12-04 00:56:43+00:00,12.92,74.52999877929688,,,,,,5.0,,dark_vessel,dark_unchanged,145.0
663,2026-01-04 00:48:35+00:00,13.0,74.61000061035156,447274000.0,GAS UMM AL ROWAISAT,447274000.0,GAS UMM AL ROWAISAT,,,locked,gfw_locked,gfw_confirmed,
664,2026-01-04 00:48:35+00:00,13.06,74.55999755859375,419950653.0,AL AIZAM,419950653.0,AL AIZAM,,,locked,gfw_locked,gfw_confirmed,
665,2025-12-04 00:56:43+00:00,13.59,74.6500015258789,,,,,,5.0,,dark_vessel,dark_unchanged,98.0
666,2025-12-23 00:48:36+00:00,12.62,74.69000244140625,219638000.0,TORM DIWATA,219638000.0,TORM DIWATA,,,locked,gfw_locked,gfw_confirmed,
667,2025-12-04 00:56:43+00:00,13.61,74.55000305175781,,,,,,5.0,,dark_vessel,dark_unchanged,98.0
668,2025-12-04 00:56:43+00:00,12.99,74.72000122070312,,,,,,5.0,,dark_vessel,dark_unchanged,136.0
669,2025-12-04 00:56:43+00:00,13.44,74.30000305175781,,,,,,5.0,,dark_vessel,dark_unchanged,107.0
670,2025-12-04 00:56:43+00:00,13.72,74.45999908447266,,,,,,5.0,,dark_vessel,dark_unchanged,83.0
671,2025-12-04 00:56:43+00:00,13.56,74.47000122070312,,,,,,5.0,,dark_vessel,dark_unchanged,102.0
672,2025-12-04 00:56:43+00:00,13.49,74.48999786376953,,,,,,5.0,,dark_vessel,dark_unchanged,109.0
673,2025-12-04 00:56:43+00:00,13.02,74.38999938964844,,,,,,5.0,,dark_vessel,dark_unchanged,137.0
674,2025-12-04 00:56:43+00:00,12.75,74.72000122070312,,,,,,5.0,,dark_vessel,dark_unchanged,145.0
675,2025-12-04 00:56:43+00:00,13.55,74.47000122070312,,,,,,5.0,,dark_vessel,dark_unchanged,104.0
676,2025-12-04 00:56:43+00:00,12.47,74.55000305175781,,,,,,5.0,,dark_vessel,dark_unchanged,129.0
677,2025-12-04 00:56:43+00:00,12.52,74.54000091552734,,,,,,5.0,,dark_vessel,dark_unchanged,138.0
678,2025-12-04 00:56:43+00:00,12.15,74.75,,,,,,5.0,,dark_vessel,dark_unchanged,106.0
679,2025-12-04 00:56:43+00:00,13.12,74.44000244140625,,,,,,5.0,,dark_vessel,dark_unchanged,126.0
680,2025-12-04 00:56:43+00:00,13.29,74.5999984741211,,,,,,5.0,,dark_vessel,dark_unchanged,116.0
681,2025-12-04 00:56:43+00:00,13.36,74.62000274658203,,,,,,5.0,,dark_vessel,dark_unchanged,112.0
682,2025-12-04 00:56:43+00:00,12.26,74.44999694824219,,,,,,5.0,,dark_vessel,dark_unchanged,116.0
683,2025-12-04 00:56:43+00:00,13.16,74.69999694824219,,,,,,5.0,,dark_vessel,dark_unchanged,124.0
684,2025-12-04 00:56:43+00:00,13.01,74.19000244140625,,,,,,5.0,,dark_vessel,dark_unchanged,130.0
685,2025-12-04 00:56:43+00:00,13.71,74.55000305175781,,,,,,5.0,,dark_vessel,dark_unchanged,89.0
686,2025-12-04 00:56:43+00:00,13.12,74.44000244140625,,,,,,5.0,,dark_vessel,dark_unchanged,126.0
687,2025-12-04 00:56:43+00:00,12.36,74.94999694824219,,,,,,5.0,,dark_vessel,dark_unchanged,110.0
688,2025-12-23 00:48:36+00:00,12.78,74.4000015258789,419902386.0,,419902386.0,,,,locked,gfw_locked,gfw_confirmed,
689,2025-12-11 00:49:02+00:00,12.25,74.83000183105469,419951353.0,AL MAKKI 1,419951353.0,AL MAKKI 1,,,locked,gfw_locked,gfw_confirmed,
690,2025-12-04 00:56:43+00:00,12.75,74.63999938964844,,,,,,5.0,,dark_vessel,dark_unchanged,149.0
691,2025-12-04 00:56:43+00:00,13.56,74.5999984741211,,,,,,5.0,,dark_vessel,dark_unchanged,100.0
692,2025-12-04 00:56:43+00:00,13.64,74.12000274658203,,,,,,5.0,,dark_vessel,dark_unchanged,60.0
693,2025-12-04 00:56:43+00:00,12.09,74.30999755859375,,,,,,5.0,,dark_vessel,dark_unchanged,71.0
694,2025-12-04 00:56:43+00:00,13.66,74.41000366210938,,,,,,5.0,,dark_vessel,dark_unchanged,91.0
695,2025-12-04 00:56:43+00:00,12.77,74.6500015258789,,,419950731.0,SEA WINNER,1.604,1.604,consistent,relinked,newly_linked,150.0
696,2025-12-11 00:48:37+00:00,13.26,74.48999786376953,419077167.0,ALPHA NET-2_91%,419077167.0,ALPHA NET-2_91%,,,locked,gfw_locked,gfw_confirmed,
697,2025-12-04 00:56:43+00:00,12.75,74.79000091552734,,,,,,5.0,,dark_vessel,dark_unchanged,145.0
698,2025-12-04 00:56:43+00:00,13.71,73.93000030517578,,,,,,5.0,,dark_vessel,dark_unchanged,42.0
699,2025-12-04 00:56:43+00:00,13.25,74.69999694824219,,,,,,5.0,,dark_vessel,dark_unchanged,117.0
700,2025-12-04 00:56:43+00:00,13.14,74.48999786376953,,,,,,5.0,,dark_vessel,dark_unchanged,124.0
701,2025-12-04 00:56:43+00:00,12.89,74.66000366210938,,,419001902.0,BURAQ 11,1.531,1.531,consistent,relinked,newly_linked,150.0
702,2025-12-04 00:56:43+00:00,13.24,74.22000122070312,,,,,,5.0,,dark_vessel,dark_unchanged,116.0
703,2026-01-04 00:48:35+00:00,12.85,74.58000183105469,419957126.0,SRI KANTHU,419957126.0,SRI KANTHU,,,locked,gfw_locked,gfw_confirmed,
704,2025-12-04 00:56:43+00:00,12.43,74.83000183105469,,,,,,5.0,,dark_vessel,dark_unchanged,118.0
705,2025-12-04 00:56:43+00:00,12.5,74.52999877929688,,,,,,5.0,,dark_vessel,dark_unchanged,133.0
706,2025-12-04 00:56:43+00:00,13.43,74.63999938964844,,,,,,5.0,,dark_vessel,dark_unchanged,110.0
707,2025-12-04 00:56:43+00:00,13.45,74.63999938964844,,,,,,5.0,,dark_vessel,dark_unchanged,106.0
708,2025-12-04 00:56:43+00:00,13.29,74.44000244140625,,,,,,5.0,,dark_vessel,dark_unchanged,115.0
709,2025-12-04 00:56:43+00:00,12.55,74.72000122070312,,,419956119.0,AL NABHAN,1.417,1.417,consistent,relinked,newly_linked,138.0
710,2025-12-04 00:56:43+00:00,13.4,74.62999725341797,,,,,,5.0,,dark_vessel,dark_unchanged,111.0
711,2025-12-04 00:56:43+00:00,13.27,74.47000122070312,,,,,,5.0,,dark_vessel,dark_unchanged,117.0
712,2025-12-04 00:56:43+00:00,13.02,74.61000061035156,,,419951369.0,HITHA MRINALI,1.748,1.748,consistent,relinked,newly_linked,135.0
713,2025-12-04 00:56:43+00:00,13.23,74.30999755859375,,,,,,5.0,,dark_vessel,dark_unchanged,118.0
714,2025-12-04 00:56:43+00:00,12.38,74.41000366210938,,,,,,5.0,,dark_vessel,dark_unchanged,118.0
715,2025-12-04 00:56:43+00:00,13.05,74.19000244140625,,,,,,5.0,,dark_vessel,dark_unchanged,125.0
716,2025-12-04 00:56:43+00:00,12.52,74.44999694824219,,,,,,5.0,,dark_vessel,dark_unchanged,139.0
717,2025-12-04 00:56:43+00:00,12.58,74.43000030517578,,,,,,5.0,,dark_vessel,dark_unchanged,143.0
718,2025-12-04 00:56:43+00:00,12.24,74.54000091552734,,,,,,5.0,,dark_vessel,dark_unchanged,114.0
719,2025-12-04 00:56:43+00:00,13.51,74.5999984741211,,,,,,5.0,,dark_vessel,dark_unchanged,105.0
720,2025-12-04 00:56:43+00:00,12.19,74.73999786376953,,,,,,5.0,,dark_vessel,dark_unchanged,110.0
721,2025-12-11 00:48:37+00:00,13.15,74.66999816894531,419950473.0,AL ARMAAN 1,,,,5.0,,dark_vessel,gfw_rejected_to_dark,97.0
722,2026-01-04 00:49:00+00:00,12.27,74.55999755859375,563278100.0,COSCO PRINCE RUPERT,,,,5.0,,dark_vessel,gfw_rejected_to_dark,55.0
723,2025-12-04 00:56:43+00:00,12.91,74.44000244140625,,,,,,5.0,,dark_vessel,dark_unchanged,143.0
724,2025-12-04 00:56:43+00:00,12.56,74.72000122070312,,,,,,5.0,,dark_vessel,dark_unchanged,138.0
725,2025-12-04 00:56:43+00:00,13.39,74.5999984741211,,,,,,5.0,,dark_vessel,dark_unchanged,111.0
726,2025-12-04 00:56:43+00:00,12.28,74.19000244140625,,,,,,5.0,,dark_vessel,dark_unchanged,111.0
727,2025-12-04 00:56:43+00:00,12.24,74.6500015258789,,,,,,5.0,,dark_vessel,dark_unchanged,113.0
728,2025-12-04 00:56:43+00:00,12.32,74.63999938964844,,,,,,5.0,,dark_vessel,dark_unchanged,117.0
729,2025-12-04 00:56:43+00:00,13.24,74.4000015258789,,,,,,5.0,,dark_vessel,dark_unchanged,119.0
730,2025-12-04 00:56:43+00:00,13.1,74.37999725341797,,,,,,5.0,,dark_vessel,dark_unchanged,126.0
731,2025-12-04 00:56:43+00:00,12.13,75.11000061035156,,,,,,5.0,,dark_vessel,dark_unchanged,90.0
732,2025-12-04 00:56:43+00:00,13.08,74.31999969482422,,,413572220.0,HUA CHUANG 66,2.664,2.664,consistent,relinked,newly_linked,127.0
733,2025-12-04 00:56:43+00:00,13.55,74.16999816894531,,,,,,5.0,,dark_vessel,dark_unchanged,93.0
734,2025-12-04 00:56:43+00:00,13.17,74.37000274658203,,,,,,5.0,,dark_vessel,dark_unchanged,122.0
735,2025-12-04 00:56:43+00:00,12.81,74.70999908447266,,,,,,5.0,,dark_vessel,dark_unchanged,148.0
736,2025-12-04 00:56:43+00:00,13.24,74.66999816894531,,,,,,5.0,,dark_vessel,dark_unchanged,120.0
737,2025-12-04 00:56:43+00:00,13.13,74.58999633789062,,,,,,5.0,,dark_vessel,dark_unchanged,128.0
738,2025-12-04 00:56:43+00:00,13.11,74.70999908447266,,,,,,5.0,,dark_vessel,dark_unchanged,128.0
739,2025-12-04 00:56:43+00:00,13.5,73.87000274658203,,,,,,5.0,,dark_vessel,dark_unchanged,54.0
740,2025-12-23 00:48:36+00:00,12.85,74.80999755859375,419950487.0,AMITH KIRAN 1,419950487.0,AMITH KIRAN 1,,,locked,gfw_locked,gfw_confirmed,
741,2025-12-11 00:48:37+00:00,12.87,74.66999816894531,419951358.0,ODEYA,419951358.0,ODEYA,,,locked,gfw_locked,gfw_confirmed,
742,2025-12-04 00:56:43+00:00,13.4,74.56999969482422,,,,,,5.0,,dark_vessel,dark_unchanged,111.0
743,2025-12-04 00:56:43+00:00,12.43,74.41000366210938,,,,,,5.0,,dark_vessel,dark_unchanged,121.0
744,2025-12-04 00:56:43+00:00,13.51,74.5199966430664,,,,,,5.0,,dark_vessel,dark_unchanged,106.0
745,2025-12-04 00:56:43+00:00,12.65,74.52999877929688,,,,,,5.0,,dark_vessel,dark_unchanged,147.0
746,2025-12-11 00:49:02+00:00,12.43,74.19999694824219,352004253.0,BLOOM HALO,352004253.0,BLOOM HALO,,,locked,gfw_locked,gfw_confirmed,
747,2025-12-04 00:56:43+00:00,13.52,74.5199966430664,,,,,,5.0,,dark_vessel,dark_unchanged,106.0
748,2025-12-04 00:56:43+00:00,13.45,74.4800033569336,,,,,,5.0,,dark_vessel,dark_unchanged,109.0
749,2025-12-23 00:48:36+00:00,12.97,74.63999938964844,419000178.0,VISHVA VIKAS,419000178.0,VISHVA VIKAS,,,locked,gfw_locked,gfw_confirmed,
750,2025-12-11 00:48:37+00:00,12.95,74.5999984741211,563105200.0,CHEM GUARD,563105200.0,CHEM GUARD,,,locked,gfw_locked,gfw_confirmed,
751,2025-12-04 00:56:43+00:00,12.56,74.33000183105469,,,,,,5.0,,dark_vessel,dark_unchanged,141.0
752,2025-12-04 00:56:43+00:00,13.31,74.47000122070312,,,,,,5.0,,dark_vessel,dark_unchanged,114.0
753,2025-12-04 00:56:43+00:00,13.36,74.61000061035156,,,,,,5.0,,dark_vessel,dark_unchanged,112.0
754,2025-12-04 00:56:43+00:00,13.44,74.62999725341797,,,419957303.0,SHRI PANCHAMI,0.653,0.653,consistent,relinked,newly_linked,108.0
755,2025-12-04 00:56:43+00:00,12.3,74.83000183105469,,,419957243.0,MALIKULBAHR,3.31,3.31,consistent,relinked,newly_linked,110.0
756,2025-12-04 00:56:43+00:00,13.19,74.58999633789062,,,,,,5.0,,dark_vessel,dark_unchanged,122.0
757,2025-12-04 00:56:43+00:00,13.4,74.5,,,419950452.0,AL-KAREEM,2.509,2.509,consistent,relinked,newly_linked,111.0
758,2025-12-11 00:49:02+00:00,12.02,74.41000366210938,538011382.0,NORD UTOPIA,419030269.0,NITHYAJEEVAN NET281%,4.668,4.668,consistent,relinked,gfw_corrected,51.0
759,2025-12-04 00:56:43+00:00,13.51,74.58000183105469,,,,,,5.0,,dark_vessel,dark_unchanged,106.0
760,2025-12-04 00:56:43+00:00,13.27,74.55999755859375,,,,,,5.0,,dark_vessel,dark_unchanged,118.0
761,2025-12-04 00:56:43+00:00,12.68,74.55999755859375,,,,,,5.0,,dark_vessel,dark_unchanged,148.0
762,2025-12-04 00:56:43+00:00,12.84,74.58999633789062,,,,,,5.0,,dark_vessel,dark_unchanged,150.0
763,2025-12-04 00:56:43+00:00,12.77,74.61000061035156,,,419951335.0,GURURAJ  I,0.462,0.462,consistent,relinked,newly_linked,150.0
764,2025-12-11 00:48:37+00:00,12.76,74.7300033569336,419951289.0,VEERAMARUTHI IV,419951289.0,VEERAMARUTHI IV,,,locked,gfw_locked,gfw_confirmed,
765,2025-12-04 00:56:43+00:00,13.6,74.37999725341797,,,,,,5.0,,dark_vessel,dark_unchanged,98.0
766,2025-12-04 00:56:43+00:00,13.2,74.44999694824219,,,,,,5.0,,dark_vessel,dark_unchanged,121.0
767,2025-12-04 00:56:43+00:00,13.64,74.62000274658203,,,,,,5.0,,dark_vessel,dark_unchanged,95.0
768,2025-12-04 00:56:43+00:00,13.43,74.62000274658203,,,,,,5.0,,dark_vessel,dark_unchanged,110.0
769,2025-12-04 00:56:43+00:00,13.36,74.62000274658203,,,,,,5.0,,dark_vessel,dark_unchanged,112.0
770,2025-12-04 00:56:43+00:00,13.68,74.51000213623047,,,,,,5.0,,dark_vessel,dark_unchanged,91.0
771,2025-12-04 00:56:43+00:00,12.43,74.7699966430664,,,,,,5.0,,dark_vessel,dark_unchanged,118.0
772,2025-12-04 00:56:43+00:00,12.23,74.63999938964844,,,419950191.0,AKANKSH,2.224,2.224,consistent,relinked,newly_linked,113.0
773,2025-12-04 00:56:43+00:00,13.42,74.63999938964844,,,,,,5.0,,dark_vessel,dark_unchanged,110.0
774,2025-12-04 00:56:43+00:00,13.23,74.38999938964844,,,,,,5.0,,dark_vessel,dark_unchanged,120.0
775,2025-12-04 00:56:43+00:00,12.25,75.0199966430664,,,,,,5.0,,dark_vessel,dark_unchanged,103.0
776,2025-12-04 00:56:43+00:00,12.43,74.83999633789062,,,,,,5.0,,dark_vessel,dark_unchanged,118.0
777,2025-12-04 00:56:43+00:00,13.46,74.44999694824219,,,,,,5.0,,dark_vessel,dark_unchanged,109.0
778,2025-12-04 00:56:43+00:00,13.55,74.37000274658203,,,,,,5.0,,dark_vessel,dark_unchanged,104.0
779,2025-12-04 00:56:43+00:00,13.42,74.62999725341797,,,,,,5.0,,dark_vessel,dark_unchanged,110.0
780,2025-12-04 00:56:43+00:00,13.25,74.08000183105469,,,,,,5.0,,dark_vessel,dark_unchanged,112.0
781,2025-12-04 00:56:43+00:00,13.09,74.22000122070312,,,636024939.0,MSC NAMIBIA,0.816,0.816,consistent,relinked,newly_linked,124.0
782,2025-12-04 00:56:43+00:00,13.17,74.69000244140625,,,,,,5.0,,dark_vessel,dark_unchanged,124.0
783,2025-12-04 00:56:43+00:00,12.13,74.66999816894531,,,,,,5.0,,dark_vessel,dark_unchanged,106.0
784,2025-12-04 00:56:43+00:00,12.48,74.3499984741211,,,,,,5.0,,dark_vessel,dark_unchanged,129.0
785,2025-12-11 00:48:37+00:00,12.95,74.48999786376953,419075200.0,M V SHANTI SAGAR IV,419075200.0,M V SHANTI SAGAR IV,,,locked,gfw_locked,gfw_confirmed,
786,2025-12-04 00:56:43+00:00,13.39,74.61000061035156,,,,,,5.0,,dark_vessel,dark_unchanged,111.0
787,2025-12-04 00:56:43+00:00,13.49,74.2699966430664,,,,,,5.0,,dark_vessel,dark_unchanged,106.0
788,2025-12-04 00:56:43+00:00,13.24,74.44000244140625,,,,,,5.0,,dark_vessel,dark_unchanged,119.0
789,2025-12-23 00:49:01+00:00,12.46,74.38999938964844,419951259.0,HITAISHI SAGAR,419951259.0,HITAISHI SAGAR,,,locked,gfw_locked,gfw_confirmed,
790,2025-12-04 00:56:43+00:00,12.57,74.27999877929688,,,,,,5.0,,dark_vessel,dark_unchanged,141.0
791,2025-12-04 00:56:43+00:00,12.35,74.6500015258789,,,,,,5.0,,dark_vessel,dark_unchanged,117.0
792,2025-12-04 00:56:43+00:00,13.5,74.56999969482422,,,,,,5.0,,dark_vessel,dark_unchanged,106.0
793,2025-12-04 00:56:43+00:00,13.02,74.7699966430664,,,419957166.0,GANESH KRIPA,2.756,2.756,consistent,relinked,newly_linked,129.0
794,2025-12-23 00:49:01+00:00,12.34,74.19999694824219,215558000.0,APL QINGDAO,,,,5.0,,dark_vessel,gfw_rejected_to_dark,65.0
795,2025-12-04 00:56:43+00:00,13.22,73.9000015258789,,,,,,5.0,,dark_vessel,dark_unchanged,82.0
796,2025-12-04 00:56:43+00:00,13.04,74.20999908447266,,,,,,5.0,,dark_vessel,dark_unchanged,128.0
797,2025-12-04 00:56:43+00:00,13.51,74.5,,,,,,5.0,,dark_vessel,dark_unchanged,106.0
798,2025-12-04 00:56:43+00:00,13.16,74.26000213623047,,,,,,5.0,,dark_vessel,dark_unchanged,123.0
799,2025-12-04 00:56:43+00:00,12.19,74.51000213623047,,,,,,5.0,,dark_vessel,dark_unchanged,112.0
800,2025-12-04 00:56:43+00:00,13.59,74.61000061035156,,,,,,5.0,,dark_vessel,dark_unchanged,98.0
801,2025-12-04 00:56:43+00:00,13.6,74.58999633789062,,,,,,5.0,,dark_vessel,dark_unchanged,97.0
802,2025-12-04 00:56:43+00:00,13.6,74.47000122070312,,,,,,5.0,,dark_vessel,dark_unchanged,97.0
803,2025-12-11 00:48:37+00:00,12.97,74.62999725341797,538009334.0,COMMON ATLAS,538009334.0,COMMON ATLAS,,,locked,gfw_locked,gfw_confirmed,
804,2025-12-04 00:56:43+00:00,12.73,74.7300033569336,,,,,,5.0,,dark_vessel,dark_unchanged,145.0
805,2025-12-11 00:48:37+00:00,12.36,74.30000305175781,419000905.0,DAWN MANSAROVAR,,,,5.0,,dark_vessel,gfw_rejected_to_dark,95.0
806,2025-12-04 00:56:43+00:00,12.96,74.27999877929688,,,,,,5.0,,dark_vessel,dark_unchanged,141.0
807,2025-12-04 00:56:43+00:00,13.26,74.70999908447266,,,,,,5.0,,dark_vessel,dark_unchanged,117.0
808,2025-12-04 00:56:43+00:00,13.67,74.55000305175781,,,,,,5.0,,dark_vessel,dark_unchanged,94.0
809,2025-12-11 00:48:37+00:00,12.91,74.66999816894531,419950708.0,AQEEDAH,419950708.0,AQEEDAH,,,locked,gfw_locked,gfw_confirmed,
810,2025-12-23 00:49:01+00:00,12.49,74.55000305175781,419951473.0,THIRANGA,419951473.0,THIRANGA,,,locked,gfw_locked,gfw_confirmed,
811,2025-12-04 00:56:43+00:00,12.21,75.0,,,,,,5.0,,dark_vessel,dark_unchanged,103.0
812,2025-12-04 00:56:43+00:00,12.13,74.62000274658203,,,419950662.0,HANSH 2,3.713,3.713,consistent,relinked,newly_linked,110.0
813,2025-12-04 00:56:43+00:00,12.76,74.55000305175781,,,,,,5.0,,dark_vessel,dark_unchanged,150.0
814,2025-12-04 00:56:43+00:00,13.67,74.54000091552734,,,,,,5.0,,dark_vessel,dark_unchanged,94.0
815,2025-12-04 00:56:43+00:00,13.55,74.62000274658203,,,,,,5.0,,dark_vessel,dark_unchanged,101.0
816,2025-12-04 00:56:43+00:00,13.3,74.55999755859375,,,419950544.0,S.M.,2.042,2.042,consistent,relinked,newly_linked,114.0
817,2025-12-04 00:56:43+00:00,13.46,74.66999816894531,,,,,,5.0,,dark_vessel,dark_unchanged,104.0
818,2025-12-04 00:56:43+00:00,13.7,74.47000122070312,,,,,,5.0,,dark_vessel,dark_unchanged,86.0
819,2025-12-04 00:56:43+00:00,12.83,74.80999755859375,,,,,,5.0,,dark_vessel,dark_unchanged,145.0
820,2025-12-04 00:56:43+00:00,13.35,74.6500015258789,,,,,,5.0,,dark_vessel,dark_unchanged,112.0
821,2025-12-04 00:56:43+00:00,13.41,74.61000061035156,,,,,,5.0,,dark_vessel,dark_unchanged,111.0
822,2025-12-04 00:56:43+00:00,13.31,74.37999725341797,,,,,,5.0,,dark_vessel,dark_unchanged,114.0
823,2025-12-11 00:48:37+00:00,12.91,74.6500015258789,419779000.0,SCI MUKTA,419779000.0,SCI MUKTA,,,locked,gfw_locked,gfw_confirmed,
824,2025-12-04 00:56:43+00:00,13.02,74.58000183105469,,,,,,5.0,,dark_vessel,dark_unchanged,136.0
825,2025-12-04 00:56:43+00:00,12.12,74.76000213623047,,,,,,5.0,,dark_vessel,dark_unchanged,105.0
826,2025-12-04 00:56:43+00:00,13.47,74.52999877929688,,,,,,5.0,,dark_vessel,dark_unchanged,109.0
827,2025-12-04 00:56:43+00:00,12.69,74.69999694824219,,,419951353.0,AL MAKKI 1,0.816,0.816,consistent,relinked,newly_linked,145.0
828,2025-12-04 00:56:43+00:00,12.94,74.7699966430664,,,419801746.0,YOJAKA DHRUV,3.549,3.549,consistent,relinked,newly_linked,144.0
829,2025-12-04 00:56:43+00:00,12.91,74.66999816894531,,,419000533.0,OCEAN ENDURANCE,1.594,1.594,consistent,relinked,newly_linked,150.0
830,2025-12-04 00:56:43+00:00,13.72,74.55000305175781,,,,,,5.0,,dark_vessel,dark_unchanged,85.0
831,2025-12-04 00:56:43+00:00,13.43,73.83999633789062,,,,,,5.0,,dark_vessel,dark_unchanged,57.0
832,2025-12-04 00:56:43+00:00,12.97,74.20999908447266,,,,,,5.0,,dark_vessel,dark_unchanged,135.0
833,2025-12-04 00:56:43+00:00,12.37,74.58000183105469,,,,,,5.0,,dark_vessel,dark_unchanged,118.0
834,2025-12-04 00:56:43+00:00,12.79,74.5999984741211,,,,,,5.0,,dark_vessel,dark_unchanged,150.0
835,2025-12-04 00:56:43+00:00,12.03,74.55999755859375,,,,,,5.0,,dark_vessel,dark_unchanged,74.0
836,2025-12-04 00:56:43+00:00,13.37,74.44999694824219,,,,,,5.0,,dark_vessel,dark_unchanged,112.0
837,2025-12-04 00:56:43+00:00,13.53,74.6500015258789,,,,,,5.0,,dark_vessel,dark_unchanged,102.0
838,2026-01-04 00:48:35+00:00,12.82,74.66000366210938,419001631.0,SM MANALI,419001631.0,SM MANALI,,,locked,gfw_locked,gfw_confirmed,
839,2025-12-04 00:56:43+00:00,12.91,74.73999786376953,,,419950506.0,SAGAR HITHESH 1,2.313,2.313,consistent,relinked,newly_linked,147.0
840,2025-12-04 00:56:43+00:00,13.53,74.62000274658203,,,,,,5.0,,dark_vessel,dark_unchanged,103.0
841,2025-12-04 00:56:43+00:00,12.85,74.30999755859375,,,,,,5.0,,dark_vessel,dark_unchanged,143.0
842,2025-12-04 00:56:43+00:00,13.4,74.62000274658203,,,,,,5.0,,dark_vessel,dark_unchanged,111.0
843,2025-12-04 00:56:43+00:00,13.65,74.45999908447266,,,,,,5.0,,dark_vessel,dark_unchanged,96.0
844,2025-12-04 00:56:43+00:00,12.29,74.66999816894531,,,,,,5.0,,dark_vessel,dark_unchanged,114.0
845,2025-12-04 00:56:43+00:00,13.31,74.29000091552734,,,,,,5.0,,dark_vessel,dark_unchanged,113.0
846,2025-12-04 00:56:43+00:00,12.82,74.5999984741211,,,,,,5.0,,dark_vessel,dark_unchanged,150.0
847,2025-12-04 00:56:43+00:00,13.3,74.66000366210938,,,,,,5.0,,dark_vessel,dark_unchanged,114.0
848,2025-12-04 00:56:43+00:00,13.61,73.86000061035156,,,,,,5.0,,dark_vessel,dark_unchanged,48.0
849,2025-12-04 00:56:43+00:00,13.25,74.68000030517578,,,,,,5.0,,dark_vessel,dark_unchanged,118.0
850,2025-12-04 00:56:43+00:00,13.25,74.69000244140625,,,,,,5.0,,dark_vessel,dark_unchanged,118.0
851,2025-12-04 00:56:43+00:00,13.22,74.16999816894531,,,,,,5.0,,dark_vessel,dark_unchanged,117.0
852,2025-12-11 00:48:37+00:00,12.95,74.62000274658203,636023001.0,LIMA TRADER,636023001.0,LIMA TRADER,,,locked,gfw_locked,gfw_confirmed,
853,2025-12-04 00:56:43+00:00,13.69,74.4000015258789,,,,,,5.0,,dark_vessel,dark_unchanged,86.0
854,2025-12-04 00:56:43+00:00,13.46,74.29000091552734,,,,,,5.0,,dark_vessel,dark_unchanged,106.0
855,2025-12-04 00:56:43+00:00,13.05,74.52999877929688,,,,,,5.0,,dark_vessel,dark_unchanged,135.0
