mmsi,ship_name,flag,window,episode_start,episode_end,duration_h,n_bins,continuity,centroid_lat,centroid_lon,radius_km,dwell_tier,location_class,nearest_facility,nearest_facility_km,resident_fixture,domestic_flag,dwell_score,trigger_category,escalate
408327000,ALMOAYYED 24,BHR,hormuz_control_mar2026,2026-01-17 00:00:00+00:00,2026-01-20 17:00:00+00:00,89.0,90,1.0,25.96878,56.05889,4.889,extended,open_water,"Khasab port, Oman",32.29,False,False,3,,False
422834000,OMRANI12,IRN,hormuz_control_mar2026,2026-01-17 03:00:00+00:00,2026-01-20 20:00:00+00:00,89.0,73,0.811,26.95849,55.74753,1.778,extended,open_water,"Qeshm Island port, Iran",51.97,False,False,3,,False
511101535,GLOBAL RANI,PLW,hormuz_control_mar2026,2026-01-17 00:00:00+00:00,2026-01-20 17:00:00+00:00,89.0,76,0.844,25.63,56.98,0.0,extended,open_water,"Khor Fakkan port, UAE",70.48,False,False,3,,False
341408002,BSL NORDIC,KNA,hormuz_control_mar2026,2026-01-17 07:00:00+00:00,2026-01-20 23:00:00+00:00,88.0,89,1.0,25.64989,56.95011,1.48,extended,open_water,"Khor Fakkan port, UAE",68.91,False,False,3,,False
352002260,BITUMAX,PAN,hormuz_control_mar2026,2026-01-17 00:00:00+00:00,2026-01-20 16:00:00+00:00,88.0,89,1.0,26.03,55.94,0.0,extended,open_water,"Khasab port, Oman",36.41,False,False,3,,False
377028000,CATRO IX,VCT,hormuz_control_mar2026,2026-01-17 09:00:00+00:00,2026-01-20 23:00:00+00:00,86.0,87,1.0,25.95011,56.05989,1.478,extended,open_water,"Khasab port, Oman",33.93,False,False,3,,False
419000303,VISHVA CHETNA,IND,hormuz_control_mar2026,2026-01-17 00:00:00+00:00,2026-01-20 14:00:00+00:00,86.0,87,1.0,25.62023,56.44609,3.778,extended,open_water,"Khor Fakkan port, UAE",32.53,False,False,3,,False
408833000,BBT-105,BHR,hormuz_control_mar2026,2026-01-17 10:00:00+00:00,2026-01-20 23:00:00+00:00,85.0,86,1.0,25.99,55.89,0.0,extended,open_water,"Khasab port, Oman",43.02,False,False,3,,False
352002793,NASHWAN 2,PAN,hormuz_control_mar2026,2026-01-17 13:00:00+00:00,2026-01-20 23:00:00+00:00,82.0,72,0.867,25.88042,56.00986,3.434,extended,open_water,"Khasab port, Oman",43.15,False,False,3,,False
470456000,JABAL MASAFI,ARE,hormuz_control_mar2026,2026-01-17 13:00:00+00:00,2026-01-20 23:00:00+00:00,82.0,83,1.0,25.61036,56.29988,1.476,extended,open_water,"Khor Fakkan port, UAE",30.68,False,False,3,,False
352005243,RED SNAPPER 2,PAN,hormuz_control_mar2026,2026-01-17 00:00:00+00:00,2026-01-20 06:00:00+00:00,78.0,79,1.0,25.94392,56.04722,3.976,extended,open_water,"Khasab port, Oman",35.21,False,False,3,,False
236111612,TELFORD 34,GIB,hormuz_control_mar2026,2026-01-17 00:00:00+00:00,2026-01-20 05:00:00+00:00,77.0,78,1.0,25.95,56.06,0.0,extended,open_water,"Khasab port, Oman",33.93,False,False,3,,False
538004343,IOLCOS GENESIS,MHL,hormuz_control_mar2026,2026-01-17 05:00:00+00:00,2026-01-20 09:00:00+00:00,76.0,77,1.0,26.06039,55.92,1.069,extended,open_water,"Khasab port, Oman",36.53,False,False,3,,False
632001131,VERNON,GIN,hormuz_control_mar2026,2026-01-17 19:00:00+00:00,2026-01-20 23:00:00+00:00,76.0,73,0.948,25.93973,56.92986,2.405,extended,open_water,"Khasab port, Oman",74.01,False,False,3,,False
341188002,FRONTIER,KNA,hormuz_control_mar2026,2026-01-17 20:00:00+00:00,2026-01-20 23:00:00+00:00,75.0,76,1.0,25.59,56.75,0.0,extended,open_water,"Khor Fakkan port, UAE",48.39,False,False,3,,False
477625100,GLORIA,HKG,hormuz_control_mar2026,2026-01-17 20:00:00+00:00,2026-01-20 23:00:00+00:00,75.0,76,1.0,25.98947,56.94,4.823,extended,open_water,"Khasab port, Oman",72.94,False,False,3,,False
518999173,FALCON EYE,COK,hormuz_control_mar2026,2026-01-17 00:00:00+00:00,2026-01-20 03:00:00+00:00,75.0,74,0.974,25.54,55.56,0.0,extended,open_water,"Khor Fakkan port, UAE",83.0,False,False,3,,False
339000161,DIANA,JAM,hormuz_control_mar2026,2026-01-17 22:00:00+00:00,2026-01-20 23:00:00+00:00,73.0,72,0.973,25.73,56.93,0.0,extended,open_water,"Khor Fakkan port, UAE",72.14,False,False,3,,False
307111000,BLOOMING DALE,ABW,hormuz_control_mar2026,2026-01-18 00:00:00+00:00,2026-01-20 23:00:00+00:00,71.0,72,1.0,25.62,56.95,0.0,extended,open_water,"Khor Fakkan port, UAE",67.3,False,False,3,,False
403711810,BAHRI ARASCO,SAU,hormuz_control_mar2026,2026-01-18 00:00:00+00:00,2026-01-20 23:00:00+00:00,71.0,72,1.0,26.05,55.91,0.0,extended,open_water,"Khasab port, Oman",37.93,False,False,3,,False
271000419,SAFFET BEY,TUR,hormuz_control_mar2026,2026-01-18 06:00:00+00:00,2026-01-20 23:00:00+00:00,65.0,66,1.0,25.8,55.95,0.0,extended,open_water,"Khasab port, Oman",53.92,False,False,3,,False
376268000,FALCON,VCT,hormuz_control_mar2026,2026-01-18 06:00:00+00:00,2026-01-20 23:00:00+00:00,65.0,66,1.0,25.97439,56.04712,4.035,extended,open_water,"Khasab port, Oman",32.5,False,False,3,,False
470735000,KESTREL,ARE,hormuz_control_mar2026,2026-01-18 07:00:00+00:00,2026-01-20 23:00:00+00:00,64.0,65,1.0,25.98077,56.04908,4.663,extended,open_water,"Khasab port, Oman",31.82,False,False,3,,False
518100962,S M A,COK,hormuz_control_mar2026,2026-01-17 00:00:00+00:00,2026-01-19 16:00:00+00:00,64.0,65,1.0,25.87,56.93,0.0,extended,open_water,"Khasab port, Oman",77.44,False,False,3,,False
471627000,OCEAN VOYAGER,,hormuz_control_mar2026,2026-01-17 00:00:00+00:00,2026-01-19 14:00:00+00:00,62.0,62,0.984,25.71065,55.8,2.152,extended,open_water,"Khor Fakkan port, UAE",69.43,False,False,3,,False
636092852,PATRICIA OLDENDORFF,LBR,hormuz_control_mar2026,2026-01-18 00:00:00+00:00,2026-01-20 14:00:00+00:00,62.0,63,1.0,25.98032,56.04952,3.674,extended,open_water,"Khasab port, Oman",31.84,False,False,3,,False
355100000,AQUA LIFT II,PAN,hormuz_control_mar2026,2026-01-17 00:00:00+00:00,2026-01-19 13:00:00+00:00,61.0,62,1.0,25.71,55.8,0.0,extended,open_water,"Khor Fakkan port, UAE",69.38,False,False,3,,False
649113000,SILVER,MLI,hormuz_control_mar2026,2026-01-17 00:00:00+00:00,2026-01-19 13:00:00+00:00,61.0,62,1.0,25.74371,56.88984,4.959,extended,open_water,"Khor Fakkan port, UAE",69.93,False,False,3,,False
374234000,CY INDIAN,PAN,hormuz_control_mar2026,2026-01-18 10:00:00+00:00,2026-01-20 22:00:00+00:00,60.0,61,1.0,25.96033,56.04934,4.501,extended,open_water,"Khasab port, Oman",33.61,False,False,3,,False
422043500,RAHNAVARDAN1,IRN,hormuz_control_mar2026,2026-01-17 21:00:00+00:00,2026-01-20 09:00:00+00:00,60.0,61,1.0,25.92344,55.64033,2.471,extended,open_water,"Khasab port, Oman",68.34,False,False,3,,False
470742701,FREEDOM FBUOY 1,ARE,hormuz_control_mar2026,2026-01-17 00:00:00+00:00,2026-01-19 12:00:00+00:00,60.0,61,1.0,26.0,56.07,0.0,extended,open_water,"Khasab port, Oman",28.85,False,False,3,,False
511100397,AL DIAB II,PLW,hormuz_control_mar2026,2026-01-17 00:00:00+00:00,2026-01-19 12:00:00+00:00,60.0,61,1.0,25.6718,56.98,0.911,extended,open_water,"Khor Fakkan port, UAE",72.72,False,False,3,,False
341036002,PORTLAND IV,KNA,hormuz_control_mar2026,2026-01-18 12:00:00+00:00,2026-01-20 23:00:00+00:00,59.0,60,1.0,26.07,55.94833,0.833,extended,open_water,"Khasab port, Oman",33.52,False,False,3,,False
636025158,OCEAN ENERGY,LBR,hormuz_control_mar2026,2026-01-18 12:00:00+00:00,2026-01-20 23:00:00+00:00,59.0,60,1.0,25.9575,56.0595,0.99,extended,open_water,"Khasab port, Oman",33.27,False,False,3,,False
470982000,TARPON BAY 2,ARE,hormuz_control_mar2026,2026-01-17 02:00:00+00:00,2026-01-19 12:00:00+00:00,58.0,58,0.983,25.60034,55.63914,1.529,extended,open_water,"Khor Fakkan port, UAE",77.61,False,False,3,,False
620800212,VIYANA,COM,hormuz_control_mar2026,2026-01-17 00:00:00+00:00,2026-01-19 10:00:00+00:00,58.0,58,0.983,26.96,55.66052,3.913,extended,open_water,"Qeshm Island port, Iran",60.6,False,False,3,,False
408687000,BAK-20,BHR,hormuz_control_mar2026,2026-01-18 09:00:00+00:00,2026-01-20 18:00:00+00:00,57.0,58,1.0,25.96017,56.05914,4.062,extended,open_water,"Khasab port, Oman",33.05,False,False,3,,False
305822000,BBC NORFOLK,ATG,hormuz_control_mar2026,2026-01-18 15:00:00+00:00,2026-01-20 23:00:00+00:00,56.0,57,1.0,25.98018,56.05983,1.469,extended,open_water,"Khasab port, Oman",31.21,False,False,3,,False
352004557,ASTRUM APUS,PAN,hormuz_control_mar2026,2026-01-17 00:00:00+00:00,2026-01-19 08:00:00+00:00,56.0,57,1.0,25.8607,56.90965,4.37,extended,open_water,"Khasab port, Oman",76.18,False,False,3,,False
352005325,JOVIAN,PAN,hormuz_control_mar2026,2026-01-18 15:00:00+00:00,2026-01-20 23:00:00+00:00,56.0,57,1.0,25.79965,56.88176,2.192,extended,open_water,"Khor Fakkan port, UAE",73.5,False,False,3,,False
232032457,CUMBRIA,GBR,hormuz_control_mar2026,2026-01-18 00:00:00+00:00,2026-01-20 07:00:00+00:00,55.0,56,1.0,26.0675,55.96071,4.975,extended,open_water,"Khasab port, Oman",32.54,False,False,3,,False
470731000,FLOUNDER BAY,ARE,hormuz_control_mar2026,2026-01-17 00:00:00+00:00,2026-01-19 06:00:00+00:00,54.0,54,0.982,25.6,55.63907,1.437,extended,open_water,"Khor Fakkan port, UAE",77.61,False,False,3,,False
422889900,RASHIDI-1-99%,IRN,hormuz_control_mar2026,2026-01-17 01:00:00+00:00,2026-01-19 06:00:00+00:00,53.0,49,0.907,25.83,57.29,0.0,extended,open_water,"Khor Fakkan port, UAE",108.4,False,False,3,,False
257407000,JORITA,NOR,hormuz_control_mar2026,2026-01-18 04:00:00+00:00,2026-01-20 08:00:00+00:00,52.0,53,1.0,25.97019,56.05,1.091,extended,open_water,"Khasab port, Oman",32.69,False,False,3,,False
422661000,MATIN,IRN,hormuz_control_mar2026,2026-01-17 02:00:00+00:00,2026-01-19 05:00:00+00:00,51.0,33,0.635,26.96212,55.75182,1.786,extended,open_water,"Qeshm Island port, Iran",51.55,False,False,3,,False
461800086,GHUMAYS 2,OMN,hormuz_control_mar2026,2026-01-17 00:00:00+00:00,2026-01-19 03:00:00+00:00,51.0,51,0.981,26.34059,56.41549,2.657,extended,open_water,"Khasab port, Oman",22.52,False,False,3,,False
470736002,ALFALAJ FBUOY 2,ARE,hormuz_control_mar2026,2026-01-17 00:00:00+00:00,2026-01-19 03:00:00+00:00,51.0,48,0.923,26.0,56.07,0.0,extended,open_water,"Khasab port, Oman",28.85,False,False,3,,False
352004910,KNK ADIRAA,PAN,hormuz_control_mar2026,2026-01-17 03:00:00+00:00,2026-01-19 05:00:00+00:00,50.0,51,1.0,25.94098,56.05961,3.367,extended,open_water,"Khasab port, Oman",34.79,False,False,3,,False
352575000,AL AMEER,PAN,hormuz_control_mar2026,2026-01-18 12:00:00+00:00,2026-01-20 14:00:00+00:00,50.0,51,1.0,25.98,55.88098,3.9,extended,open_water,"Khasab port, Oman",44.39,False,False,3,,False
422539800,SOKAN HORMOZ,IRN,hormuz_control_mar2026,2026-01-18 05:00:00+00:00,2026-01-20 07:00:00+00:00,50.0,31,0.608,26.96,55.66677,0.671,extended,open_water,"Qeshm Island port, Iran",59.98,False,False,3,,False
511101407,PONTUS,PLW,hormuz_control_mar2026,2026-01-18 08:00:00+00:00,2026-01-20 10:00:00+00:00,50.0,51,1.0,25.94,56.06,0.0,extended,open_water,"Khasab port, Oman",34.86,False,False,3,,False
352005184,ANNABEL,PAN,hormuz_control_mar2026,2026-01-18 22:00:00+00:00,2026-01-20 23:00:00+00:00,49.0,50,1.0,25.7464,57.0004,2.003,extended,open_water,"Khor Fakkan port, UAE",78.92,False,False,3,,False
470891047,STEVIN ORION,ARE,hormuz_control_mar2026,2026-01-18 22:00:00+00:00,2026-01-20 23:00:00+00:00,49.0,50,1.0,25.96,56.05,0.0,extended,open_water,"Khasab port, Oman",33.6,False,False,3,,False
477795900,AMOY PROGRESS,HKG,hormuz_control_mar2026,2026-01-17 14:00:00+00:00,2026-01-19 15:00:00+00:00,49.0,50,1.0,25.6116,56.3,0.934,extended,open_water,"Khor Fakkan port, UAE",30.81,False,False,3,,False
209305000,AQUAMARINE,CYP,hormuz_control_mar2026,2026-01-17 00:00:00+00:00,2026-01-20 23:00:00+00:00,95.0,96,1.0,25.71,55.8,0.0,extended,open_water,"Khor Fakkan port, UAE",69.38,True,False,2,,False
209735000,KRIOS,CYP,hormuz_control_mar2026,2026-01-17 00:00:00+00:00,2026-01-20 23:00:00+00:00,95.0,96,1.0,25.95,56.06,0.0,extended,open_water,"Khasab port, Oman",33.93,True,False,2,,False
212492000,BKM 103,CYP,hormuz_control_mar2026,2026-01-17 00:00:00+00:00,2026-01-20 23:00:00+00:00,95.0,94,0.979,25.71,55.8,0.0,extended,open_water,"Khor Fakkan port, UAE",69.38,True,False,2,,False
212685000,BKM 104,CYP,hormuz_control_mar2026,2026-01-17 00:00:00+00:00,2026-01-20 23:00:00+00:00,95.0,96,1.0,25.71,55.8,0.0,extended,open_water,"Khor Fakkan port, UAE",69.38,True,False,2,,False
228323800,BOURBON HELENE,FRA,hormuz_control_mar2026,2026-01-17 00:00:00+00:00,2026-01-20 23:00:00+00:00,95.0,96,1.0,25.8,55.95,0.0,extended,open_water,"Khasab port, Oman",53.92,True,False,2,,False
235067942,MCS LENIE,GBR,hormuz_control_mar2026,2026-01-17 00:00:00+00:00,2026-01-20 23:00:00+00:00,95.0,96,1.0,25.71,55.8,0.0,extended,open_water,"Khor Fakkan port, UAE",69.38,True,False,2,,False
240849000,NISYROS,GRC,hormuz_control_mar2026,2026-01-17 00:00:00+00:00,2026-01-20 23:00:00+00:00,95.0,96,1.0,25.7,56.92041,0.96,extended,open_water,"Khor Fakkan port, UAE",69.4,True,False,2,,False
245810000,ATHENA,NLD,hormuz_control_mar2026,2026-01-17 00:00:00+00:00,2026-01-20 23:00:00+00:00,95.0,96,1.0,25.95,56.06,0.0,extended,open_water,"Khasab port, Oman",33.93,True,False,2,,False
246163000,K10030,NLD,hormuz_control_mar2026,2026-01-17 00:00:00+00:00,2026-01-20 23:00:00+00:00,95.0,96,1.0,25.8,55.95,0.0,extended,open_water,"Khasab port, Oman",53.92,True,False,2,,False
246862000,CRONUS,NLD,hormuz_control_mar2026,2026-01-17 00:00:00+00:00,2026-01-20 23:00:00+00:00,95.0,96,1.0,25.95,56.06,0.0,extended,open_water,"Khasab port, Oman",33.93,True,False,2,,False
249672000,GUNES K,MLT,hormuz_control_mar2026,2026-01-17 00:00:00+00:00,2026-01-20 23:00:00+00:00,95.0,96,1.0,25.81,56.91,0.0,extended,open_water,"Khor Fakkan port, UAE",76.34,True,False,2,,False
268254201,CRYSTAL,SMR,hormuz_control_mar2026,2026-01-17 00:00:00+00:00,2026-01-20 23:00:00+00:00,95.0,96,1.0,25.84,56.97167,0.834,extended,open_water,"Khasab port, Oman",82.71,True,False,2,,False
306669000,SELENA,BES,hormuz_control_mar2026,2026-01-17 00:00:00+00:00,2026-01-20 23:00:00+00:00,95.0,96,1.0,25.97052,56.91052,1.055,extended,open_water,"Khasab port, Oman",70.91,True,False,2,,False
306689000,ANIKA,BES,hormuz_control_mar2026,2026-01-17 00:00:00+00:00,2026-01-20 23:00:00+00:00,95.0,96,1.0,25.95083,56.95,1.019,extended,open_water,"Khasab port, Oman",75.39,True,False,2,,False
306830000,SHEN ZHOU,BES,hormuz_control_mar2026,2026-01-17 00:00:00+00:00,2026-01-20 23:00:00+00:00,95.0,96,1.0,25.6625,57.05,0.834,extended,open_water,"Khor Fakkan port, UAE",78.37,True,False,2,,False
306885000,OLGA,BES,hormuz_control_mar2026,2026-01-17 00:00:00+00:00,2026-01-20 23:00:00+00:00,95.0,96,1.0,25.72052,56.99646,1.237,extended,open_water,"Khor Fakkan port, UAE",76.98,True,False,2,,False
307080000,XI WANG MU,ABW,hormuz_control_mar2026,2026-01-17 00:00:00+00:00,2026-01-20 23:00:00+00:00,95.0,96,1.0,25.70396,56.96,0.672,extended,open_water,"Khor Fakkan port, UAE",72.92,True,False,2,,False
307170000,EVERDINE,ABW,hormuz_control_mar2026,2026-01-17 00:00:00+00:00,2026-01-20 23:00:00+00:00,95.0,96,1.0,25.7,56.97,0.0,extended,open_water,"Khor Fakkan port, UAE",73.52,True,False,2,,False
307203000,CORAL WAVE,ABW,hormuz_control_mar2026,2026-01-17 00:00:00+00:00,2026-01-20 23:00:00+00:00,95.0,94,0.979,25.87,56.76,0.0,extended,open_water,"Khasab port, Oman",63.05,True,False,2,,False
312787000,STINGRAY,BLZ,hormuz_control_mar2026,2026-01-17 00:00:00+00:00,2026-01-20 23:00:00+00:00,95.0,96,1.0,25.96,56.06,0.0,extended,open_water,"Khasab port, Oman",33.02,True,False,2,,False
314001097,NEW VENTURE,BRB,hormuz_control_mar2026,2026-01-17 00:00:00+00:00,2026-01-20 23:00:00+00:00,95.0,96,1.0,25.76385,56.98094,1.136,extended,open_water,"Khor Fakkan port, UAE",78.48,True,False,2,,False
341879000,LOANNA,KNA,hormuz_control_mar2026,2026-01-17 00:00:00+00:00,2026-01-20 23:00:00+00:00,95.0,96,1.0,25.78,56.94,0.0,extended,open_water,"Khor Fakkan port, UAE",76.38,True,False,2,,False
352003351,OCEAN ENERGY,PAN,hormuz_control_mar2026,2026-01-17 00:00:00+00:00,2026-01-20 23:00:00+00:00,95.0,96,1.0,26.67,56.17,0.0,extended,open_water,"Larak Island anchorage, Iran",27.48,True,False,2,,False
352004062,NOMIKI,PAN,hormuz_control_mar2026,2026-01-17 00:00:00+00:00,2026-01-20 23:00:00+00:00,95.0,96,1.0,25.85,56.88,0.0,extended,open_water,"Khasab port, Oman",74.25,True,False,2,,False
355635000,CMT302,PAN,hormuz_control_mar2026,2026-01-17 00:00:00+00:00,2026-01-20 23:00:00+00:00,95.0,86,0.896,25.71,55.8,0.0,extended,open_water,"Khor Fakkan port, UAE",69.38,True,False,2,,False
356747000,HAI BAO WU HAO,PAN,hormuz_control_mar2026,2026-01-17 00:00:00+00:00,2026-01-20 23:00:00+00:00,95.0,96,1.0,25.95,56.06,0.0,extended,open_water,"Khasab port, Oman",33.93,True,False,2,,False
356887000,HAI BAO 4,PAN,hormuz_control_mar2026,2026-01-17 00:00:00+00:00,2026-01-20 23:00:00+00:00,95.0,96,1.0,25.95,56.06,0.0,extended,open_water,"Khasab port, Oman",33.93,True,False,2,,False
373163000,MCS COROMELL,PAN,hormuz_control_mar2026,2026-01-17 00:00:00+00:00,2026-01-20 23:00:00+00:00,95.0,96,1.0,25.71,55.8,0.0,extended,open_water,"Khor Fakkan port, UAE",69.38,True,False,2,,False
376983000,BOURBON LIBERTY 318,VCT,hormuz_control_mar2026,2026-01-17 00:00:00+00:00,2026-01-20 23:00:00+00:00,95.0,96,1.0,25.8,55.95,0.0,extended,open_water,"Khasab port, Oman",53.92,True,False,2,,False
377235000,P&O OCEANIA,VCT,hormuz_control_mar2026,2026-01-17 00:00:00+00:00,2026-01-20 23:00:00+00:00,95.0,96,1.0,25.94,56.06,0.0,extended,open_water,"Khasab port, Oman",34.86,True,False,2,,False
403728280,RAWABI 56,SAU,hormuz_control_mar2026,2026-01-17 00:00:00+00:00,2026-01-20 23:00:00+00:00,95.0,96,1.0,25.8,55.95,0.0,extended,open_water,"Khasab port, Oman",53.92,True,False,2,,False
408345000,UCO 26,BHR,hormuz_control_mar2026,2026-01-17 00:00:00+00:00,2026-01-20 23:00:00+00:00,95.0,96,1.0,25.94,56.06,0.0,extended,open_water,"Khasab port, Oman",34.86,True,False,2,,False
408346000,UCO 28,BHR,hormuz_control_mar2026,2026-01-17 00:00:00+00:00,2026-01-20 23:00:00+00:00,95.0,96,1.0,25.7199,55.8,1.1,extended,open_water,"Khor Fakkan port, UAE",70.04,True,False,2,,False
422026100,PARMIDA3,IRN,hormuz_control_mar2026,2026-01-17 00:00:00+00:00,2026-01-20 23:00:00+00:00,95.0,93,0.969,26.69,55.88,0.0,extended,open_water,"Qeshm Island port, Iran",49.0,True,False,2,,False
422051900,ARK SAHEL,IRN,hormuz_control_mar2026,2026-01-17 00:00:00+00:00,2026-01-20 23:00:00+00:00,95.0,92,0.958,26.96196,55.74978,1.671,extended,open_water,"Qeshm Island port, Iran",51.75,True,False,2,,False
422541000,LC  SAHEL KHAMIR,IRN,hormuz_control_mar2026,2026-01-17 00:00:00+00:00,2026-01-20 23:00:00+00:00,95.0,80,0.833,26.96537,55.74925,2.014,extended,open_water,"Qeshm Island port, Iran",51.81,True,False,2,,False
422563100,LYAN DARYA,IRN,hormuz_control_mar2026,2026-01-17 00:00:00+00:00,2026-01-20 23:00:00+00:00,95.0,87,0.906,26.95,55.66678,0.672,extended,open_water,"Qeshm Island port, Iran",59.98,True,False,2,,False
422999983,XARON,IRN,hormuz_control_mar2026,2026-01-17 00:00:00+00:00,2026-01-20 23:00:00+00:00,95.0,96,1.0,25.8,56.91833,0.834,extended,open_water,"Khor Fakkan port, UAE",76.2,True,False,2,,False
461000088,DANA 4,OMN,hormuz_control_mar2026,2026-01-17 00:00:00+00:00,2026-01-20 23:00:00+00:00,95.0,96,1.0,25.94,56.4351,0.51,extended,open_water,"Khasab port, Oman",34.66,True,False,2,,False
470010495,ADNOC SR17,ARE,hormuz_control_mar2026,2026-01-17 00:00:00+00:00,2026-01-20 23:00:00+00:00,95.0,91,0.948,25.56,55.56857,0.86,extended,open_water,"Khor Fakkan port, UAE",82.8,True,False,2,,False
470010496,ADNOC SR18,ARE,hormuz_control_mar2026,2026-01-17 00:00:00+00:00,2026-01-20 23:00:00+00:00,95.0,92,0.958,25.56,55.56978,0.981,extended,open_water,"Khor Fakkan port, UAE",82.68,True,False,2,,False
470015000,CATFISH BAY,ARE,hormuz_control_mar2026,2026-01-17 00:00:00+00:00,2026-01-20 23:00:00+00:00,95.0,92,0.958,25.60087,55.63587,2.357,extended,open_water,"Khor Fakkan port, UAE",77.94,True,False,2,,False
470021000,DURRAH,ARE,hormuz_control_mar2026,2026-01-17 00:00:00+00:00,2026-01-20 23:00:00+00:00,95.0,96,1.0,25.97177,56.05115,3.642,extended,open_water,"Khasab port, Oman",32.48,True,False,2,,False
470134000,SNAPPER BAY,ARE,hormuz_control_mar2026,2026-01-17 00:00:00+00:00,2026-01-20 23:00:00+00:00,95.0,90,0.938,25.60211,55.63844,2.464,extended,open_water,"Khor Fakkan port, UAE",77.75,True,False,2,,False
470508000,WADI SAHAM,ARE,hormuz_control_mar2026,2026-01-17 00:00:00+00:00,2026-01-20 23:00:00+00:00,95.0,96,1.0,25.61021,56.3001,1.473,extended,open_water,"Khor Fakkan port, UAE",30.66,True,False,2,,False
470682000,OMEED TAHER,ARE,hormuz_control_mar2026,2026-01-17 00:00:00+00:00,2026-01-20 23:00:00+00:00,95.0,96,1.0,25.95,56.06,0.0,extended,open_water,"Khasab port, Oman",33.93,True,False,2,,False
470760000,OSPREY,ARE,hormuz_control_mar2026,2026-01-17 00:00:00+00:00,2026-01-20 23:00:00+00:00,95.0,96,1.0,25.98083,56.04969,2.341,extended,open_water,"Khasab port, Oman",31.78,True,False,2,,False
470854000,MULLET ANN,ARE,hormuz_control_mar2026,2026-01-17 00:00:00+00:00,2026-01-20 23:00:00+00:00,95.0,96,1.0,25.69,55.75,0.0,extended,open_water,"Khor Fakkan port, UAE",72.26,True,False,2,,False
470923000,SWORDFISH BAY,ARE,hormuz_control_mar2026,2026-01-17 00:00:00+00:00,2026-01-20 23:00:00+00:00,95.0,93,0.969,25.60161,55.64129,1.298,extended,open_water,"Khor Fakkan port, UAE",77.47,True,False,2,,False
470956666,DUBAI MOON,ARE,hormuz_control_mar2026,2026-01-17 00:00:00+00:00,2026-01-20 23:00:00+00:00,95.0,94,0.979,25.54,55.56,0.0,extended,open_water,"Khor Fakkan port, UAE",83.0,True,False,2,,False
471143000,HERRING ANN,,hormuz_control_mar2026,2026-01-17 00:00:00+00:00,2026-01-20 23:00:00+00:00,95.0,96,1.0,25.68521,55.76,0.579,extended,open_water,"Khor Fakkan port, UAE",71.13,True,False,2,,False
511101408,HEMERA,PLW,hormuz_control_mar2026,2026-01-17 00:00:00+00:00,2026-01-20 23:00:00+00:00,95.0,96,1.0,25.75,56.77,0.0,extended,open_water,"Khor Fakkan port, UAE",61.73,True,False,2,,False
511101781,LONGEVITY 7,PLW,hormuz_control_mar2026,2026-01-17 00:00:00+00:00,2026-01-20 23:00:00+00:00,95.0,96,1.0,25.78,56.89,0.0,extended,open_water,"Khor Fakkan port, UAE",72.6,True,False,2,,False
511101895,GAS RGA,PLW,hormuz_control_mar2026,2026-01-17 00:00:00+00:00,2026-01-20 23:00:00+00:00,95.0,90,0.938,25.80011,56.94,1.1,extended,open_water,"Khor Fakkan port, UAE",77.83,True,False,2,,False
518998202,J M A,COK,hormuz_control_mar2026,2026-01-17 00:00:00+00:00,2026-01-20 23:00:00+00:00,95.0,96,1.0,25.85,56.93,0.0,extended,open_water,"Khasab port, Oman",78.53,True,False,2,,False
518998516,M K A,COK,hormuz_control_mar2026,2026-01-17 00:00:00+00:00,2026-01-20 23:00:00+00:00,95.0,96,1.0,25.86,56.95,0.0,extended,open_water,"Khasab port, Oman",79.73,True,False,2,,False
538011936,EUNICE,MHL,hormuz_control_mar2026,2026-01-17 00:00:00+00:00,2026-01-20 23:00:00+00:00,95.0,96,1.0,25.64,57.0175,0.752,extended,open_water,"Khor Fakkan port, UAE",74.34,True,False,2,,False
538011959,HAANA,MHL,hormuz_control_mar2026,2026-01-17 00:00:00+00:00,2026-01-20 23:00:00+00:00,95.0,96,1.0,25.81,56.96,0.0,extended,open_water,"Khor Fakkan port, UAE",80.06,True,False,2,,False
566921000,BOURBON NILGAN,SGP,hormuz_control_mar2026,2026-01-17 00:00:00+00:00,2026-01-20 23:00:00+00:00,95.0,96,1.0,25.8,55.95,0.0,extended,open_water,"Khasab port, Oman",53.92,True,False,2,,False
611000248,VORAS,BWA,hormuz_control_mar2026,2026-01-17 00:00:00+00:00,2026-01-20 23:00:00+00:00,95.0,96,1.0,25.83198,56.9099,1.333,extended,open_water,"Khasab port, Oman",77.85,True,False,2,,False
620092000,STORK II,COM,hormuz_control_mar2026,2026-01-17 00:00:00+00:00,2026-01-20 23:00:00+00:00,95.0,96,1.0,25.64,55.72,0.0,extended,open_water,"Khor Fakkan port, UAE",72.08,True,False,2,,False
620800063,CHARMINAR,COM,hormuz_control_mar2026,2026-01-17 00:00:00+00:00,2026-01-20 23:00:00+00:00,95.0,96,1.0,25.73354,56.91,0.718,extended,open_water,"Khor Fakkan port, UAE",70.79,True,False,2,,False
620800064,VELIX,COM,hormuz_control_mar2026,2026-01-17 00:00:00+00:00,2026-01-20 23:00:00+00:00,95.0,96,1.0,25.8,56.89677,0.678,extended,open_water,"Khor Fakkan port, UAE",74.61,True,False,2,,False
620800101,BREEZ,COM,hormuz_control_mar2026,2026-01-17 00:00:00+00:00,2026-01-20 23:00:00+00:00,95.0,96,1.0,25.67,56.98344,0.658,extended,open_water,"Khor Fakkan port, UAE",72.92,True,False,2,,False
629009484,BILI,GMB,hormuz_control_mar2026,2026-01-17 00:00:00+00:00,2026-01-20 23:00:00+00:00,95.0,90,0.938,25.85,56.94,0.0,extended,open_water,"Khasab port, Oman",79.4,True,False,2,,False
632912107,VIOLET 3,GIN,hormuz_control_mar2026,2026-01-17 00:00:00+00:00,2026-01-20 23:00:00+00:00,95.0,96,1.0,25.86,56.97,0.0,extended,open_water,"Khasab port, Oman",81.49,True,False,2,,False
636014465,ORIENTAL ARK,LBR,hormuz_control_mar2026,2026-01-17 00:00:00+00:00,2026-01-20 23:00:00+00:00,95.0,96,1.0,25.63,56.65,0.0,extended,open_water,"Khor Fakkan port, UAE",43.77,True,False,2,,False
636020293,KALOLIMNOS,LBR,hormuz_control_mar2026,2026-01-17 00:00:00+00:00,2026-01-20 23:00:00+00:00,95.0,96,1.0,25.64948,56.98,1.054,extended,open_water,"Khor Fakkan port, UAE",71.5,True,False,2,,False
636020609,YOGI,LBR,hormuz_control_mar2026,2026-01-17 00:00:00+00:00,2026-01-20 23:00:00+00:00,95.0,96,1.0,25.9,56.93,0.0,extended,open_water,"Khasab port, Oman",75.89,True,False,2,,False
636021101,RANTANPLAN,LBR,hormuz_control_mar2026,2026-01-17 00:00:00+00:00,2026-01-20 23:00:00+00:00,95.0,96,1.0,25.83083,56.95,1.019,extended,open_water,"Khor Fakkan port, UAE",80.85,True,False,2,,False
636025338,PAFSANIAS,LBR,hormuz_control_mar2026,2026-01-17 00:00:00+00:00,2026-01-20 23:00:00+00:00,95.0,96,1.0,25.6,56.44021,0.982,extended,open_water,"Khor Fakkan port, UAE",30.21,True,False,2,,False
671536100,MARIA,TGO,hormuz_control_mar2026,2026-01-17 00:00:00+00:00,2026-01-20 23:00:00+00:00,95.0,96,1.0,26.03,55.93,0.0,extended,open_water,"Khasab port, Oman",37.26,True,False,2,,False
477642800,SINO STAR,HKG,hormuz_control_mar2026,2026-01-17 02:00:00+00:00,2026-01-20 23:00:00+00:00,93.0,61,0.649,25.82,56.9,0.0,extended,open_water,"Khor Fakkan port, UAE",76.38,True,False,2,,False
440270000,YOUNG GLORY,KOR,hormuz_control_mar2026,2026-01-17 03:00:00+00:00,2026-01-20 23:00:00+00:00,92.0,93,1.0,25.59,56.42011,0.992,extended,open_water,"Khor Fakkan port, UAE",28.62,True,False,2,,False
511100970,LADY VALERY,PLW,hormuz_control_mar2026,2026-01-17 03:00:00+00:00,2026-01-20 23:00:00+00:00,92.0,76,0.817,25.69,55.78,0.0,extended,open_water,"Khor Fakkan port, UAE",69.74,True,False,2,,False
422035200,ARTIN,IRN,hormuz_control_mar2026,2026-01-17 19:00:00+00:00,2026-01-20 23:00:00+00:00,76.0,77,1.0,26.98,56.49753,0.746,extended,ordinary_anchorage,"Larak Island anchorage, Iran",19.91,False,False,2,,False
232059019,LADY FAYALIA,GBR,hormuz_control_mar2026,2026-01-18 12:00:00+00:00,2026-01-20 23:00:00+00:00,59.0,60,1.0,26.21017,56.24033,2.246,extended,ordinary_anchorage,"Khasab port, Oman",1.19,False,False,2,,False
422040900,HAMGAM,IRN,hormuz_control_mar2026,2026-01-18 18:00:00+00:00,2026-01-20 23:00:00+00:00,53.0,54,1.0,26.97,56.48,0.0,extended,ordinary_anchorage,"Larak Island anchorage, Iran",17.9,False,False,2,,False
306213000,LOUIZA,BES,hormuz_control_mar2026,2026-01-17 00:00:00+00:00,2026-01-19 00:00:00+00:00,48.0,49,1.0,25.7798,56.90123,1.565,ordinary,open_water,"Khor Fakkan port, UAE",73.42,False,False,2,,False
563136300,GCL TAPI,SGP,hormuz_control_mar2026,2026-01-18 09:00:00+00:00,2026-01-20 09:00:00+00:00,48.0,49,1.0,25.98082,56.0398,4.466,ordinary,open_water,"Khasab port, Oman",32.41,False,False,2,,False
565155000,THOR FRIENDSHIP,SGP,hormuz_control_mar2026,2026-01-18 15:00:00+00:00,2026-01-20 15:00:00+00:00,48.0,49,1.0,26.07918,55.9302,1.55,ordinary,open_water,"Khasab port, Oman",34.73,False,False,2,,False
620999616,SHAHIN 3,COM,hormuz_control_mar2026,2026-01-18 20:00:00+00:00,2026-01-20 20:00:00+00:00,48.0,49,1.0,25.98,56.05,0.0,ordinary,open_water,"Khasab port, Oman",31.83,False,False,2,,False
470646000,INCHCAPE 5,ARE,hormuz_control_mar2026,2026-01-17 00:00:00+00:00,2026-01-18 23:00:00+00:00,47.0,48,1.0,25.97875,56.05708,1.203,ordinary,open_water,"Khasab port, Oman",31.51,False,False,2,,False
477632100,OLIVIA,HKG,hormuz_control_mar2026,2026-01-19 01:00:00+00:00,2026-01-20 23:00:00+00:00,46.0,47,1.0,25.94319,56.92,0.757,ordinary,open_water,"Khasab port, Oman",72.95,False,False,2,,False
671407100,SATURN,TGO,hormuz_control_mar2026,2026-01-17 20:00:00+00:00,2026-01-19 18:00:00+00:00,46.0,47,1.0,26.53787,57.05723,3.942,ordinary,open_water,"Larak Island anchorage, Iran",78.03,False,False,2,,False
235085563,MCS GEMMA,GBR,hormuz_control_mar2026,2026-01-17 09:00:00+00:00,2026-01-19 06:00:00+00:00,45.0,46,1.0,25.71,55.8,0.0,ordinary,open_water,"Khor Fakkan port, UAE",69.38,False,False,2,,False
563203900,CHOLA DESTINY,SGP,hormuz_control_mar2026,2026-01-19 02:00:00+00:00,2026-01-20 23:00:00+00:00,45.0,46,1.0,25.59,56.44,0.0,ordinary,open_water,"Khor Fakkan port, UAE",29.13,False,False,2,,False
422549100,ALBORZ ARVAND,IRN,hormuz_control_mar2026,2026-01-17 01:00:00+00:00,2026-01-18 21:00:00+00:00,44.0,39,0.867,26.97,55.74,0.0,ordinary,open_water,"Qeshm Island port, Iran",52.73,False,False,2,,False
636020275,AL KARAMA,LBR,hormuz_control_mar2026,2026-01-18 02:00:00+00:00,2026-01-19 21:00:00+00:00,43.0,44,1.0,25.97045,56.05,1.061,ordinary,open_water,"Khasab port, Oman",32.67,False,False,2,,False
636025160,OCEAN OPAL,LBR,hormuz_control_mar2026,2026-01-18 18:00:00+00:00,2026-01-20 12:00:00+00:00,42.0,43,1.0,25.72,55.74,0.0,ordinary,open_water,"Khasab port, Oman",74.04,False,False,2,,False
422082500,DARYA MAHER,IRN,hormuz_control_mar2026,2026-01-17 03:00:00+00:00,2026-01-18 20:00:00+00:00,41.0,28,0.667,26.96286,55.75143,1.663,ordinary,open_water,"Qeshm Island port, Iran",51.59,False,False,2,,False
422082500,DARYA MAHER,IRN,hormuz_control_mar2026,2026-01-19 05:00:00+00:00,2026-01-20 22:00:00+00:00,41.0,35,0.833,26.95743,55.74257,1.873,ordinary,open_water,"Qeshm Island port, Iran",52.46,False,False,2,,False
422430000,SOHEYL 1,IRN,hormuz_control_mar2026,2026-01-17 00:00:00+00:00,2026-01-18 17:00:00+00:00,41.0,38,0.905,26.96421,55.75316,1.789,ordinary,open_water,"Qeshm Island port, Iran",51.42,False,False,2,,False
511101749,NEBULA DRIFT,PLW,hormuz_control_mar2026,2026-01-19 07:00:00+00:00,2026-01-20 23:00:00+00:00,40.0,41,1.0,25.66024,56.94,1.085,ordinary,open_water,"Khor Fakkan port, UAE",68.62,False,False,2,,False
470742702,FREEDOM FBUOY 2,ARE,hormuz_control_mar2026,2026-01-17 00:00:00+00:00,2026-01-18 15:00:00+00:00,39.0,40,1.0,26.0,56.07,0.0,ordinary,open_water,"Khasab port, Oman",28.85,False,False,2,,False
636025211,DISCOVERY,LBR,hormuz_control_mar2026,2026-01-17 21:00:00+00:00,2026-01-19 11:00:00+00:00,38.0,39,1.0,25.61,56.43,0.0,ordinary,open_water,"Khor Fakkan port, UAE",31.01,False,False,2,,False
470891052,AL RAFIQ,ARE,hormuz_control_mar2026,2026-01-19 10:00:00+00:00,2026-01-20 23:00:00+00:00,37.0,38,1.0,25.96026,56.05895,4.041,ordinary,open_water,"Khasab port, Oman",33.05,False,False,2,,False
629009478,ANNA,GMB,hormuz_control_mar2026,2026-01-17 00:00:00+00:00,2026-01-18 12:00:00+00:00,36.0,32,0.865,25.98,56.05,0.0,ordinary,open_water,"Khasab port, Oman",31.83,False,False,2,,False
422661000,MATIN,IRN,hormuz_control_mar2026,2026-01-19 12:00:00+00:00,2026-01-20 23:00:00+00:00,35.0,30,0.833,26.95867,55.749,3.156,ordinary,open_water,"Qeshm Island port, Iran",51.83,False,False,2,,False
436000070,RAIYMBEK BATYR,KAZ,hormuz_control_mar2026,2026-01-17 00:00:00+00:00,2026-01-18 11:00:00+00:00,35.0,36,1.0,25.96056,56.05861,4.424,ordinary,open_water,"Khasab port, Oman",33.04,False,False,2,,False
471208000,AL BAHAR 6,,hormuz_control_mar2026,2026-01-17 00:00:00+00:00,2026-01-18 11:00:00+00:00,35.0,36,1.0,25.98,56.05945,0.944,ordinary,open_water,"Khasab port, Oman",31.25,False,False,2,,False
229478000,KIRAN ANATOLIA,MLT,hormuz_control_mar2026,2026-01-17 06:00:00+00:00,2026-01-18 16:00:00+00:00,34.0,35,1.0,26.05,55.95257,1.741,ordinary,open_water,"Khasab port, Oman",34.19,False,False,2,,False
244811000,COASTAL VICTORY,NLD,hormuz_control_mar2026,2026-01-17 00:00:00+00:00,2026-01-18 10:00:00+00:00,34.0,35,1.0,25.96029,56.05914,3.107,ordinary,open_water,"Khasab port, Oman",33.04,False,False,2,,False
471164000,AL JAMOH,,hormuz_control_mar2026,2026-01-17 00:00:00+00:00,2026-01-18 10:00:00+00:00,34.0,35,1.0,25.96029,56.05857,4.005,ordinary,open_water,"Khasab port, Oman",33.07,False,False,2,,False
750348000,REBI,GUY,hormuz_control_mar2026,2026-01-17 00:00:00+00:00,2026-01-18 10:00:00+00:00,34.0,35,1.0,25.99971,56.88971,1.452,ordinary,open_water,"Khasab port, Oman",67.82,False,False,2,,False
352002023,PANICKER,PAN,hormuz_control_mar2026,2026-01-17 00:00:00+00:00,2026-01-18 09:00:00+00:00,33.0,34,1.0,26.06,56.08,0.0,ordinary,open_water,"Khasab port, Oman",23.24,False,False,2,,False
470735901,BRIGHT STAR FBUOY 1,ARE,hormuz_control_mar2026,2026-01-18 03:00:00+00:00,2026-01-19 12:00:00+00:00,33.0,34,1.0,26.0,56.07,0.0,ordinary,open_water,"Khasab port, Oman",28.85,False,False,2,,False
470735902,BRIGHT STAR FBUOY 2,ARE,hormuz_control_mar2026,2026-01-18 03:00:00+00:00,2026-01-19 12:00:00+00:00,33.0,34,1.0,26.0,56.07,0.0,ordinary,open_water,"Khasab port, Oman",28.85,False,False,2,,False
629009692,OXIS,GMB,hormuz_control_mar2026,2026-01-17 00:00:00+00:00,2026-01-18 09:00:00+00:00,33.0,18,0.529,25.86,56.88,0.0,ordinary,open_water,"Khasab port, Oman",73.67,False,False,2,,False
422543700,HAYYAN,IRN,hormuz_control_mar2026,2026-01-18 17:00:00+00:00,2026-01-20 01:00:00+00:00,32.0,33,1.0,25.8397,55.70364,3.27,ordinary,open_water,"Khasab port, Oman",67.89,False,False,2,,False
470731000,FLOUNDER BAY,ARE,hormuz_control_mar2026,2026-01-19 15:00:00+00:00,2026-01-20 23:00:00+00:00,32.0,31,0.939,25.60839,55.64032,1.346,ordinary,open_water,"Khor Fakkan port, UAE",77.84,False,False,2,,False
563136300,GCL TAPI,SGP,hormuz_control_mar2026,2026-01-17 00:00:00+00:00,2026-01-18 08:00:00+00:00,32.0,33,1.0,26.06939,55.94758,2.472,ordinary,open_water,"Khasab port, Oman",33.61,False,False,2,,False
307210000,ELIAH,ABW,hormuz_control_mar2026,2026-01-19 16:00:00+00:00,2026-01-20 23:00:00+00:00,31.0,32,1.0,25.72,56.95469,0.532,ordinary,open_water,"Khor Fakkan port, UAE",73.49,False,False,2,,False
420001111,ARMIN-2-99%,,hormuz_control_mar2026,2026-01-17 01:00:00+00:00,2026-01-18 08:00:00+00:00,31.0,24,0.75,25.82833,57.28917,3.689,ordinary,open_water,"Khor Fakkan port, UAE",108.24,False,False,2,,False
636021213,VLCC STEPHANIE,LBR,hormuz_control_mar2026,2026-01-19 16:00:00+00:00,2026-01-20 23:00:00+00:00,31.0,32,1.0,25.59938,56.99938,1.404,ordinary,open_water,"Khor Fakkan port, UAE",70.76,False,False,2,,False
377165000,ASTRO PISCES,VCT,hormuz_control_mar2026,2026-01-17 00:00:00+00:00,2026-01-18 06:00:00+00:00,30.0,31,1.0,25.71129,55.79935,4.721,ordinary,open_water,"Khor Fakkan port, UAE",69.52,False,False,2,,False
422058300,SOLTAN ARVAND,IRN,hormuz_control_mar2026,2026-01-17 00:00:00+00:00,2026-01-18 06:00:00+00:00,30.0,31,1.0,25.72,55.8,0.0,ordinary,open_water,"Khor Fakkan port, UAE",70.05,False,False,2,,False
422542000,ATLAS 1,IRN,hormuz_control_mar2026,2026-01-19 17:00:00+00:00,2026-01-20 23:00:00+00:00,30.0,31,1.0,25.98097,56.04903,2.846,ordinary,open_water,"Khasab port, Oman",31.81,False,False,2,,False
422751600,AFRIN2,IRN,hormuz_control_mar2026,2026-01-18 11:00:00+00:00,2026-01-19 17:00:00+00:00,30.0,26,0.839,25.88192,57.18077,4.384,ordinary,open_water,"Khasab port, Oman",99.67,False,False,2,,False
470677000,AL SADIQ 7,ARE,hormuz_control_mar2026,2026-01-17 00:00:00+00:00,2026-01-18 06:00:00+00:00,30.0,31,1.0,25.95,56.06,0.0,ordinary,open_water,"Khasab port, Oman",33.93,False,False,2,,False
377352000,ZAKHER PRINCE,VCT,hormuz_control_mar2026,2026-01-18 04:00:00+00:00,2026-01-19 09:00:00+00:00,29.0,30,1.0,25.941,56.05933,3.76,ordinary,open_water,"Khasab port, Oman",34.81,False,False,2,,False
207836770,MARIE-JOSEPH,BGR,hormuz_control_mar2026,2026-01-17 00:00:00+00:00,2026-01-18 04:00:00+00:00,28.0,29,1.0,25.95,56.06,0.0,ordinary,open_water,"Khasab port, Oman",33.93,False,False,2,,False
306288000,SAVONA,BES,hormuz_control_mar2026,2026-01-18 19:00:00+00:00,2026-01-19 23:00:00+00:00,28.0,29,1.0,25.98517,56.9069,4.627,ordinary,open_water,"Khasab port, Oman",69.99,False,False,2,,False
352004910,KNK ADIRAA,PAN,hormuz_control_mar2026,2026-01-19 06:00:00+00:00,2026-01-20 10:00:00+00:00,28.0,29,1.0,25.94759,56.04655,4.476,ordinary,open_water,"Khasab port, Oman",34.92,False,False,2,,False
374234000,CY INDIAN,PAN,hormuz_control_mar2026,2026-01-17 00:00:00+00:00,2026-01-18 04:00:00+00:00,28.0,29,1.0,26.02,55.94,0.0,ordinary,open_water,"Khasab port, Oman",37.02,False,False,2,,False
636025155,OCEAN PEARL I,LBR,hormuz_control_mar2026,2026-01-19 04:00:00+00:00,2026-01-20 08:00:00+00:00,28.0,29,1.0,25.97931,55.89069,1.932,ordinary,open_water,"Khasab port, Oman",43.63,False,False,2,,False
419000174,VISHVA PRERNA,IND,hormuz_control_mar2026,2026-01-17 09:00:00+00:00,2026-01-18 12:00:00+00:00,27.0,28,1.0,26.22357,55.96071,4.155,ordinary,open_water,"Khasab port, Oman",28.89,False,False,2,,False
422900600,NEZAMIGANJAVI6,IRN,hormuz_control_mar2026,2026-01-19 11:00:00+00:00,2026-01-20 14:00:00+00:00,27.0,28,1.0,26.53107,57.07036,1.431,ordinary,open_water,"Larak Island anchorage, Iran",79.54,False,False,2,,False
461800086,GHUMAYS 2,OMN,hormuz_control_mar2026,2026-01-19 06:00:00+00:00,2026-01-20 09:00:00+00:00,27.0,28,1.0,26.47857,56.5375,3.429,ordinary,open_water,"Khasab port, Oman",41.96,False,False,2,,False
620999616,SHAHIN 3,COM,hormuz_control_mar2026,2026-01-17 00:00:00+00:00,2026-01-18 03:00:00+00:00,27.0,28,1.0,26.05643,55.84,0.715,ordinary,open_water,"Khasab port, Oman",44.02,False,False,2,,False
422020300,TUG MAHA,IRN,hormuz_control_mar2026,2026-01-18 16:00:00+00:00,2026-01-19 18:00:00+00:00,26.0,18,0.667,26.95,55.62,0.0,ordinary,open_water,"Qeshm Island port, Iran",64.62,False,False,2,,False
422795900,3/11510,IRN,hormuz_control_mar2026,2026-01-18 05:00:00+00:00,2026-01-19 07:00:00+00:00,26.0,26,0.963,25.84538,56.95692,2.839,ordinary,open_water,"Khasab port, Oman",81.13,False,False,2,,False
470774000,ABU AL SAYAYEEF,ARE,hormuz_control_mar2026,2026-01-18 21:00:00+00:00,2026-01-19 23:00:00+00:00,26.0,27,1.0,25.96,56.06,0.0,ordinary,open_water,"Khasab port, Oman",33.02,False,False,2,,False
341848001,YE DA 68,KNA,hormuz_control_mar2026,2026-01-19 20:00:00+00:00,2026-01-20 21:00:00+00:00,25.0,26,1.0,26.53,57.05346,2.64,ordinary,open_water,"Larak Island anchorage, Iran",78.1,False,False,2,,False
422549100,ALBORZ ARVAND,IRN,hormuz_control_mar2026,2026-01-19 04:00:00+00:00,2026-01-20 05:00:00+00:00,25.0,22,0.846,26.97,55.74,0.0,ordinary,open_water,"Qeshm Island port, Iran",52.73,False,False,2,,False
620999710,HAMOON,COM,hormuz_control_mar2026,2026-01-19 08:00:00+00:00,2026-01-20 09:00:00+00:00,25.0,24,0.923,26.525,57.06792,3.813,ordinary,open_water,"Larak Island anchorage, Iran",79.63,False,False,2,,False
341439000,ANGELINA,KNA,hormuz_control_mar2026,2026-01-18 09:00:00+00:00,2026-01-19 09:00:00+00:00,24.0,21,0.84,25.9081,56.57143,4.626,ordinary,open_water,"Khasab port, Oman",45.96,False,False,2,,False
422109300,BARI 25197,IRN,hormuz_control_mar2026,2026-01-19 06:00:00+00:00,2026-01-20 06:00:00+00:00,24.0,15,0.6,26.97,55.75,0.0,ordinary,open_water,"Qeshm Island port, Iran",51.74,False,False,2,,False
422405300,AMIR BANDAR,IRN,hormuz_control_mar2026,2026-01-17 16:00:00+00:00,2026-01-18 16:00:00+00:00,24.0,25,1.0,26.966,55.7536,1.815,ordinary,open_water,"Qeshm Island port, Iran",51.38,False,False,2,,False
422604900,ASLAN,IRN,hormuz_control_mar2026,2026-01-19 05:00:00+00:00,2026-01-20 05:00:00+00:00,24.0,17,0.68,26.00529,57.00294,3.578,ordinary,open_water,"Khasab port, Oman",78.4,False,False,2,,False
636025211,DISCOVERY,LBR,hormuz_control_mar2026,2026-01-19 23:00:00+00:00,2026-01-20 23:00:00+00:00,24.0,25,1.0,25.61,56.3,0.0,ordinary,open_water,"Khor Fakkan port, UAE",30.64,False,False,2,,False
422049300,HALIL,IRN,hormuz_control_mar2026,2026-01-19 12:00:00+00:00,2026-01-20 11:00:00+00:00,23.0,24,1.0,26.53833,57.05042,3.165,ordinary,open_water,"Larak Island anchorage, Iran",77.41,False,False,2,,False
422311594,3-11594MAROUF,IRN,hormuz_control_mar2026,2026-01-18 15:00:00+00:00,2026-01-19 14:00:00+00:00,23.0,16,0.667,26.07812,57.0475,4.716,ordinary,open_water,"Khasab port, Oman",80.87,False,False,2,,False
471200000,RAMHAN,,hormuz_control_mar2026,2026-01-20 00:00:00+00:00,2026-01-20 23:00:00+00:00,23.0,24,1.0,25.96,56.06,0.0,ordinary,open_water,"Khasab port, Oman",33.02,False,False,2,,False
471208000,AL BAHAR 6,,hormuz_control_mar2026,2026-01-19 10:00:00+00:00,2026-01-20 09:00:00+00:00,23.0,24,1.0,25.98,56.05917,0.916,ordinary,open_water,"Khasab port, Oman",31.27,False,False,2,,False
511101407,PONTUS,PLW,hormuz_control_mar2026,2026-01-17 04:00:00+00:00,2026-01-18 03:00:00+00:00,23.0,24,1.0,26.03875,55.93667,3.214,ordinary,open_water,"Khasab port, Oman",36.19,False,False,2,,False
611000226,PISSARO,BWA,hormuz_control_mar2026,2026-01-18 09:00:00+00:00,2026-01-19 08:00:00+00:00,23.0,24,1.0,26.00417,56.89542,1.672,ordinary,open_water,"Khasab port, Oman",68.2,False,False,2,,False
636020275,AL KARAMA,LBR,hormuz_control_mar2026,2026-01-17 00:00:00+00:00,2026-01-17 23:00:00+00:00,23.0,24,1.0,26.05,55.93,0.0,ordinary,open_water,"Khasab port, Oman",36.16,False,False,2,,False
636025228,ATOKOS,LBR,hormuz_control_mar2026,2026-01-19 10:00:00+00:00,2026-01-20 09:00:00+00:00,23.0,24,1.0,25.75208,56.90792,3.993,ordinary,open_water,"Khor Fakkan port, UAE",71.92,False,False,2,,False
341782001,MIRA,KNA,hormuz_control_mar2026,2026-01-18 09:00:00+00:00,2026-01-19 07:00:00+00:00,22.0,23,1.0,25.98087,56.04913,2.86,ordinary,open_water,"Khasab port, Oman",31.81,False,False,2,,False
408883000,BAK 10,BHR,hormuz_control_mar2026,2026-01-17 00:00:00+00:00,2026-01-17 22:00:00+00:00,22.0,23,1.0,25.96087,56.04696,4.695,ordinary,open_water,"Khasab port, Oman",33.7,False,False,2,,False
422030131,NET-ZOLJENAKH-80%,IRN,hormuz_control_mar2026,2026-01-18 12:00:00+00:00,2026-01-19 10:00:00+00:00,22.0,18,0.783,25.92667,57.20555,2.954,ordinary,open_water,"Khasab port, Oman",100.33,False,False,2,,False
422234577,HEDARY-NET-84%,IRN,hormuz_control_mar2026,2026-01-19 12:00:00+00:00,2026-01-20 10:00:00+00:00,22.0,23,1.0,26.02391,57.01087,4.873,ordinary,open_water,"Khasab port, Oman",78.6,False,False,2,,False
422466900,HEDARY >: ABDOL,IRN,hormuz_control_mar2026,2026-01-19 12:00:00+00:00,2026-01-20 10:00:00+00:00,22.0,22,0.957,26.01136,57.01954,4.149,ordinary,open_water,"Khasab port, Oman",79.8,False,False,2,,False
422811293,ASHKAN_FISHNET-68%,IRN,hormuz_control_mar2026,2026-01-19 05:00:00+00:00,2026-01-20 03:00:00+00:00,22.0,21,0.913,26.21952,57.05524,4.188,ordinary,open_water,"Khasab port, Oman",80.41,False,False,2,,False
470256000,EAGLE,ARE,hormuz_control_mar2026,2026-01-19 10:00:00+00:00,2026-01-20 08:00:00+00:00,22.0,23,1.0,25.97826,56.04783,4.868,ordinary,open_water,"Khasab port, Oman",32.12,False,False,2,,False
721605000,TVG MEHDI 2,,hormuz_control_mar2026,2026-01-19 07:00:00+00:00,2026-01-20 05:00:00+00:00,22.0,15,0.652,26.95,55.65,0.0,ordinary,open_water,"Qeshm Island port, Iran",61.65,False,False,2,,False
257407000,JORITA,NOR,hormuz_control_mar2026,2026-01-17 00:00:00+00:00,2026-01-17 21:00:00+00:00,21.0,22,1.0,26.06955,55.96,1.061,ordinary,open_water,"Khasab port, Oman",32.5,False,False,2,,False
422543700,HAYYAN,IRN,hormuz_control_mar2026,2026-01-20 02:00:00+00:00,2026-01-20 23:00:00+00:00,21.0,20,0.909,25.7265,55.796,4.545,ordinary,open_water,"Khasab port, Oman",69.76,False,False,2,,False
350653000,SIYA,NIC,hormuz_control_mar2026,2026-01-17 11:00:00+00:00,2026-01-18 07:00:00+00:00,20.0,21,1.0,25.63952,56.55,1.059,ordinary,open_water,"Khor Fakkan port, UAE",38.65,False,False,2,,False
412343000,KANG SHUN,CHN,hormuz_control_mar2026,2026-01-20 03:00:00+00:00,2026-01-20 23:00:00+00:00,20.0,21,1.0,26.05,55.94952,0.952,ordinary,open_water,"Khasab port, Oman",34.46,False,False,2,,False
422200103,MOZAMEL99%,IRN,hormuz_control_mar2026,2026-01-18 16:00:00+00:00,2026-01-19 12:00:00+00:00,20.0,16,0.762,26.1125,57.05063,4.734,ordinary,open_water,"Khasab port, Oman",80.6,False,False,2,,False
307232000,ASPHALT STAR,ABW,hormuz_control_mar2026,2026-01-17 00:00:00+00:00,2026-01-17 19:00:00+00:00,19.0,19,0.95,25.68947,56.9,1.053,ordinary,open_water,"Khor Fakkan port, UAE",67.05,False,False,2,,False
422811293,ASHKAN_FISHNET-68%,IRN,hormuz_control_mar2026,2026-01-20 04:00:00+00:00,2026-01-20 23:00:00+00:00,19.0,20,1.0,26.2565,57.042,3.527,ordinary,open_water,"Khasab port, Oman",79.27,False,False,2,,False
422889900,RASHIDI-1-99%,IRN,hormuz_control_mar2026,2026-01-19 12:00:00+00:00,2026-01-20 07:00:00+00:00,19.0,20,1.0,25.8905,57.206,3.669,ordinary,open_water,"Khasab port, Oman",101.7,False,False,2,,False
470735901,BRIGHT STAR FBUOY 1,ARE,hormuz_control_mar2026,2026-01-17 00:00:00+00:00,2026-01-17 19:00:00+00:00,19.0,20,1.0,26.0,56.07,0.0,ordinary,open_water,"Khasab port, Oman",28.85,False,False,2,,False
470735902,BRIGHT STAR FBUOY 2,ARE,hormuz_control_mar2026,2026-01-17 00:00:00+00:00,2026-01-17 19:00:00+00:00,19.0,20,1.0,26.0,56.07,0.0,ordinary,open_water,"Khasab port, Oman",28.85,False,False,2,,False
538010565,GOOD CARRY,MHL,hormuz_control_mar2026,2026-01-17 00:00:00+00:00,2026-01-17 19:00:00+00:00,19.0,20,1.0,25.97,56.05,0.0,ordinary,open_water,"Khasab port, Oman",32.71,False,False,2,,False
341107001,SAMANTA,KNA,hormuz_control_mar2026,2026-01-17 17:00:00+00:00,2026-01-18 11:00:00+00:00,18.0,19,1.0,25.98,56.06,0.0,ordinary,open_water,"Khasab port, Oman",31.22,False,False,2,,False
352001664,SERENITY IX,PAN,hormuz_control_mar2026,2026-01-20 05:00:00+00:00,2026-01-20 23:00:00+00:00,18.0,19,1.0,25.65,56.93,0.0,ordinary,open_water,"Khor Fakkan port, UAE",67.17,False,False,2,,False
352004177,BAOYING GLORY,PAN,hormuz_control_mar2026,2026-01-20 05:00:00+00:00,2026-01-20 23:00:00+00:00,18.0,19,1.0,26.02,55.93737,4.733,ordinary,open_water,"Khasab port, Oman",37.24,False,False,2,,False
422020300,TUG MAHA,IRN,hormuz_control_mar2026,2026-01-17 00:00:00+00:00,2026-01-17 18:00:00+00:00,18.0,14,0.737,26.95,55.62,0.0,ordinary,open_water,"Qeshm Island port, Iran",64.62,False,False,2,,False
422020300,TUG MAHA,IRN,hormuz_control_mar2026,2026-01-20 05:00:00+00:00,2026-01-20 23:00:00+00:00,18.0,18,0.947,26.95,55.62,0.0,ordinary,open_water,"Qeshm Island port, Iran",64.62,False,False,2,,False
422234577,HEDARY-NET-84%,IRN,hormuz_control_mar2026,2026-01-18 12:00:00+00:00,2026-01-19 06:00:00+00:00,18.0,11,0.579,25.90636,57.20636,2.653,ordinary,open_water,"Khasab port, Oman",101.13,False,False,2,,False
422539800,SOKAN HORMOZ,IRN,hormuz_control_mar2026,2026-01-17 04:00:00+00:00,2026-01-17 22:00:00+00:00,18.0,13,0.684,26.95615,55.65154,3.2,ordinary,open_water,"Qeshm Island port, Iran",61.49,False,False,2,,False
470735901,BRIGHT STAR FBUOY 1,ARE,hormuz_control_mar2026,2026-01-19 18:00:00+00:00,2026-01-20 12:00:00+00:00,18.0,19,1.0,26.0,56.07,0.0,ordinary,open_water,"Khasab port, Oman",28.85,False,False,2,,False
470735902,BRIGHT STAR FBUOY 2,ARE,hormuz_control_mar2026,2026-01-19 18:00:00+00:00,2026-01-20 12:00:00+00:00,18.0,19,1.0,26.0,56.07,0.0,ordinary,open_water,"Khasab port, Oman",28.85,False,False,2,,False
470742701,FREEDOM FBUOY 1,ARE,hormuz_control_mar2026,2026-01-19 18:00:00+00:00,2026-01-20 12:00:00+00:00,18.0,19,1.0,26.0,56.07,0.0,ordinary,open_water,"Khasab port, Oman",28.85,False,False,2,,False
470982000,TARPON BAY 2,ARE,hormuz_control_mar2026,2026-01-19 19:00:00+00:00,2026-01-20 13:00:00+00:00,18.0,13,0.684,25.60154,55.63923,1.32,ordinary,open_water,"Khor Fakkan port, UAE",77.65,False,False,2,,False
234567800,+1  99%,GBR,hormuz_control_mar2026,2026-01-17 00:00:00+00:00,2026-01-17 17:00:00+00:00,17.0,18,1.0,25.96,56.05,0.0,ordinary,open_water,"Khasab port, Oman",33.6,False,False,2,,False
341848001,YE DA 68,KNA,hormuz_control_mar2026,2026-01-17 00:00:00+00:00,2026-01-17 17:00:00+00:00,17.0,18,1.0,26.53056,57.06945,4.062,ordinary,open_water,"Larak Island anchorage, Iran",79.49,False,False,2,,False
352001905,FATIMA 2,PAN,hormuz_control_mar2026,2026-01-20 06:00:00+00:00,2026-01-20 23:00:00+00:00,17.0,18,1.0,26.02,55.93,0.0,ordinary,open_water,"Khasab port, Oman",37.85,False,False,2,,False
422030131,NET-ZOLJENAKH-80%,IRN,hormuz_control_mar2026,2026-01-19 13:00:00+00:00,2026-01-20 06:00:00+00:00,17.0,18,1.0,26.045,57.03889,4.325,ordinary,open_water,"Khasab port, Oman",80.76,False,False,2,,False
422200103,MOZAMEL99%,IRN,hormuz_control_mar2026,2026-01-20 06:00:00+00:00,2026-01-20 23:00:00+00:00,17.0,12,0.667,26.08833,57.09167,3.709,ordinary,open_water,"Khasab port, Oman",85.04,False,False,2,,False
422311594,3-11594MAROUF,IRN,hormuz_control_mar2026,2026-01-20 06:00:00+00:00,2026-01-20 23:00:00+00:00,17.0,13,0.722,26.17,57.07462,4.108,ordinary,open_water,"Khasab port, Oman",82.42,False,False,2,,False
422811293,ASHKAN_FISHNET-68%,IRN,hormuz_control_mar2026,2026-01-17 11:00:00+00:00,2026-01-18 04:00:00+00:00,17.0,17,0.944,26.59176,56.92,4.656,ordinary,open_water,"Larak Island anchorage, Iran",63.16,False,False,2,,False
470079902,SA7SHII- FISHNET 2,ARE,hormuz_control_mar2026,2026-01-19 20:00:00+00:00,2026-01-20 13:00:00+00:00,17.0,18,1.0,26.0,56.07,0.0,ordinary,open_water,"Khasab port, Oman",28.85,False,False,2,,False
620999588,AGT1,COM,hormuz_control_mar2026,2026-01-17 00:00:00+00:00,2026-01-17 17:00:00+00:00,17.0,10,0.556,26.96,55.651,0.892,ordinary,open_water,"Qeshm Island port, Iran",61.54,False,False,2,,False
620999602,MADAD 1,COM,hormuz_control_mar2026,2026-01-17 03:00:00+00:00,2026-01-17 20:00:00+00:00,17.0,14,0.778,25.96,56.06,0.0,ordinary,open_water,"Khasab port, Oman",33.02,False,False,2,,False
620999602,MADAD 1,COM,hormuz_control_mar2026,2026-01-18 03:00:00+00:00,2026-01-18 20:00:00+00:00,17.0,14,0.778,25.96,56.06,0.0,ordinary,open_water,"Khasab port, Oman",33.02,False,False,2,,False
620999602,MADAD 1,COM,hormuz_control_mar2026,2026-01-19 03:00:00+00:00,2026-01-19 20:00:00+00:00,17.0,14,0.778,25.96,56.06,0.0,ordinary,open_water,"Khasab port, Oman",33.02,False,False,2,,False
620999602,MADAD 1,COM,hormuz_control_mar2026,2026-01-20 03:00:00+00:00,2026-01-20 20:00:00+00:00,17.0,14,0.778,25.96,56.06,0.0,ordinary,open_water,"Khasab port, Oman",33.02,False,False,2,,False
636025160,OCEAN OPAL,LBR,hormuz_control_mar2026,2026-01-18 00:00:00+00:00,2026-01-18 17:00:00+00:00,17.0,18,1.0,25.72278,55.73778,4.987,ordinary,open_water,"Khasab port, Oman",73.97,False,False,2,,False
222220850,ALBARESTANMAJIDI,,hormuz_control_mar2026,2026-01-19 12:00:00+00:00,2026-01-20 04:00:00+00:00,16.0,9,0.529,26.17889,57.06667,4.347,ordinary,open_water,"Khasab port, Oman",81.59,False,False,2,,False
376268000,FALCON,VCT,hormuz_control_mar2026,2026-01-17 09:00:00+00:00,2026-01-18 01:00:00+00:00,16.0,17,1.0,25.98235,56.04294,4.96,ordinary,open_water,"Khasab port, Oman",32.08,False,False,2,,False
377352000,ZAKHER PRINCE,VCT,hormuz_control_mar2026,2026-01-20 07:00:00+00:00,2026-01-20 23:00:00+00:00,16.0,17,1.0,25.71118,55.80118,1.321,ordinary,open_water,"Khor Fakkan port, UAE",69.37,False,False,2,,False
422200103,MOZAMEL99%,IRN,hormuz_control_mar2026,2026-01-19 13:00:00+00:00,2026-01-20 05:00:00+00:00,16.0,17,1.0,26.08235,57.00882,2.328,ordinary,open_water,"Khasab port, Oman",76.99,False,False,2,,False
470646000,INCHCAPE 5,ARE,hormuz_control_mar2026,2026-01-19 03:00:00+00:00,2026-01-19 19:00:00+00:00,16.0,17,1.0,25.98,56.05294,4.834,ordinary,open_water,"Khasab port, Oman",31.65,False,False,2,,False
470735000,KESTREL,ARE,hormuz_control_mar2026,2026-01-17 09:00:00+00:00,2026-01-18 01:00:00+00:00,16.0,17,1.0,25.98176,56.04588,1.833,ordinary,open_water,"Khasab port, Oman",31.94,False,False,2,,False
538002632,STAR MARIELLA,MHL,hormuz_control_mar2026,2026-01-20 07:00:00+00:00,2026-01-20 23:00:00+00:00,16.0,17,1.0,25.98,56.06,0.0,ordinary,open_water,"Khasab port, Oman",31.22,False,False,2,,False
636018001,CONTSHIP UNO,LBR,hormuz_control_mar2026,2026-01-17 11:00:00+00:00,2026-01-18 03:00:00+00:00,16.0,17,1.0,25.98,56.06,0.0,ordinary,open_water,"Khasab port, Oman",31.22,False,False,2,,False
234611922,ARMIN-1-99%,GBR,hormuz_control_mar2026,2026-01-17 02:00:00+00:00,2026-01-17 17:00:00+00:00,15.0,6,0.375,25.83,57.29,0.0,ordinary,open_water,"Khor Fakkan port, UAE",108.4,False,False,2,,False
422049300,HALIL,IRN,hormuz_control_mar2026,2026-01-17 00:00:00+00:00,2026-01-17 15:00:00+00:00,15.0,14,0.875,26.53286,57.06857,1.181,ordinary,open_water,"Larak Island anchorage, Iran",79.29,False,False,2,,False
422211100,RASHIDI99%,IRN,hormuz_control_mar2026,2026-01-20 08:00:00+00:00,2026-01-20 23:00:00+00:00,15.0,13,0.812,25.86462,57.18846,4.178,ordinary,open_water,"Khasab port, Oman",101.1,False,False,2,,False
422542000,ATLAS 1,IRN,hormuz_control_mar2026,2026-01-18 21:00:00+00:00,2026-01-19 12:00:00+00:00,15.0,16,1.0,26.04,55.7725,0.749,ordinary,open_water,"Khasab port, Oman",50.96,False,False,2,,False
470700601,ALKASER 1,ARE,hormuz_control_mar2026,2026-01-19 22:00:00+00:00,2026-01-20 13:00:00+00:00,15.0,16,1.0,26.0,56.07,0.0,ordinary,open_water,"Khasab port, Oman",28.85,False,False,2,,False
470700602,ALKASER 2,ARE,hormuz_control_mar2026,2026-01-19 22:00:00+00:00,2026-01-20 13:00:00+00:00,15.0,16,1.0,26.0,56.07,0.0,ordinary,open_water,"Khasab port, Oman",28.85,False,False,2,,False
636092852,PATRICIA OLDENDORFF,LBR,hormuz_control_mar2026,2026-01-17 00:00:00+00:00,2026-01-17 15:00:00+00:00,15.0,16,1.0,26.03375,55.92,0.695,ordinary,open_water,"Khasab port, Oman",37.91,False,False,2,,False
229478000,KIRAN ANATOLIA,MLT,hormuz_control_mar2026,2026-01-18 17:00:00+00:00,2026-01-19 07:00:00+00:00,14.0,15,1.0,25.98,56.06,0.0,ordinary,open_water,"Khasab port, Oman",31.22,False,False,2,,False
352004496,VOYAGER HAVEN,PAN,hormuz_control_mar2026,2026-01-20 09:00:00+00:00,2026-01-20 23:00:00+00:00,14.0,15,1.0,25.71,56.86,0.0,ordinary,open_water,"Khor Fakkan port, UAE",65.24,False,False,2,,False
377352000,ZAKHER PRINCE,VCT,hormuz_control_mar2026,2026-01-19 14:00:00+00:00,2026-01-20 04:00:00+00:00,14.0,15,1.0,25.87,55.75,0.0,ordinary,open_water,"Khasab port, Oman",62.16,False,False,2,,False
422311594,3-11594MAROUF,IRN,hormuz_control_mar2026,2026-01-19 15:00:00+00:00,2026-01-20 05:00:00+00:00,14.0,13,0.867,26.05692,57.02538,3.717,ordinary,open_water,"Khasab port, Oman",79.15,False,False,2,,False
422350000,,IRN,hormuz_control_mar2026,2026-01-17 03:00:00+00:00,2026-01-17 17:00:00+00:00,14.0,7,0.467,26.95857,55.75,1.611,ordinary,open_water,"Qeshm Island port, Iran",51.73,False,False,2,,False
461000151,HORMUZ,OMN,hormuz_control_mar2026,2026-01-18 12:00:00+00:00,2026-01-19 02:00:00+00:00,14.0,15,1.0,25.93867,56.432,2.747,ordinary,open_water,"Khasab port, Oman",34.62,False,False,2,,False
470104903,MODAMMER FBUOY 1,ARE,hormuz_control_mar2026,2026-01-17 00:00:00+00:00,2026-01-17 14:00:00+00:00,14.0,15,1.0,25.99867,56.066,2.771,ordinary,open_water,"Khasab port, Oman",29.21,False,False,2,,False
471259000,STEVIN PEARL,,hormuz_control_mar2026,2026-01-18 07:00:00+00:00,2026-01-18 21:00:00+00:00,14.0,15,1.0,25.96,56.05,0.0,ordinary,open_water,"Khasab port, Oman",33.6,False,False,2,,False
538002636,STAR RENEE,MHL,hormuz_control_mar2026,2026-01-17 00:00:00+00:00,2026-01-17 14:00:00+00:00,14.0,15,1.0,26.07467,55.93,0.593,ordinary,open_water,"Khasab port, Oman",34.95,False,False,2,,False
538002636,STAR RENEE,MHL,hormuz_control_mar2026,2026-01-17 18:00:00+00:00,2026-01-18 08:00:00+00:00,14.0,15,1.0,25.98,56.04,0.0,ordinary,open_water,"Khasab port, Oman",32.47,False,False,2,,False
620999392,ELIA,COM,hormuz_control_mar2026,2026-01-17 01:00:00+00:00,2026-01-17 15:00:00+00:00,14.0,11,0.733,26.53,57.07182,2.171,ordinary,open_water,"Larak Island anchorage, Iran",79.72,False,False,2,,False
422010428,MAHDI_BOYA,IRN,hormuz_control_mar2026,2026-01-20 10:00:00+00:00,2026-01-20 23:00:00+00:00,13.0,13,0.929,25.83,57.29,0.0,ordinary,open_water,"Khor Fakkan port, UAE",108.4,False,False,2,,False
422085700,NEZAMI GANJAVI 5,IRN,hormuz_control_mar2026,2026-01-19 08:00:00+00:00,2026-01-19 21:00:00+00:00,13.0,12,0.857,26.52917,57.0625,3.39,ordinary,open_water,"Larak Island anchorage, Iran",78.94,False,False,2,,False
422211100,RASHIDI99%,IRN,hormuz_control_mar2026,2026-01-19 08:00:00+00:00,2026-01-19 21:00:00+00:00,13.0,14,1.0,25.87,57.13786,1.362,ordinary,open_water,"Khasab port, Oman",96.19,False,False,2,,False
422679000,SHAHAB112,IRN,hormuz_control_mar2026,2026-01-19 21:00:00+00:00,2026-01-20 10:00:00+00:00,13.0,5,0.357,26.968,55.75,1.016,ordinary,open_water,"Qeshm Island port, Iran",51.74,False,False,2,,False
422751600,AFRIN2,IRN,hormuz_control_mar2026,2026-01-19 18:00:00+00:00,2026-01-20 07:00:00+00:00,13.0,14,1.0,25.93714,57.13429,2.605,ordinary,open_water,"Khasab port, Oman",93.2,False,False,2,,False
422811293,ASHKAN_FISHNET-68%,IRN,hormuz_control_mar2026,2026-01-18 15:00:00+00:00,2026-01-19 04:00:00+00:00,13.0,14,1.0,26.24571,57.01071,1.042,ordinary,open_water,"Khasab port, Oman",76.08,False,False,2,,False
422889900,RASHIDI-1-99%,IRN,hormuz_control_mar2026,2026-01-20 08:00:00+00:00,2026-01-20 21:00:00+00:00,13.0,14,1.0,25.85214,57.20643,4.971,ordinary,open_water,"Khor Fakkan port, UAE",102.59,False,False,2,,False
470043501,ALJEER 1 FBUOY,ARE,hormuz_control_mar2026,2026-01-18 23:00:00+00:00,2026-01-19 12:00:00+00:00,13.0,14,1.0,26.03857,56.07357,3.939,ordinary,open_water,"Khasab port, Oman",25.38,False,False,2,,False
470256000,EAGLE,ARE,hormuz_control_mar2026,2026-01-20 09:00:00+00:00,2026-01-20 22:00:00+00:00,13.0,14,1.0,25.99143,56.04429,4.673,ordinary,open_water,"Khasab port, Oman",31.22,False,False,2,,False
620999588,AGT1,COM,hormuz_control_mar2026,2026-01-19 06:00:00+00:00,2026-01-19 19:00:00+00:00,13.0,10,0.714,26.96,55.655,0.495,ordinary,open_water,"Qeshm Island port, Iran",61.14,False,False,2,,False
720017000,MIDAS 7,BOL,hormuz_control_mar2026,2026-01-17 00:00:00+00:00,2026-01-17 13:00:00+00:00,13.0,14,1.0,26.53786,57.05,3.11,ordinary,open_water,"Larak Island anchorage, Iran",77.39,False,False,2,,False
235106283,AFON MENAI,GBR,hormuz_control_mar2026,2026-01-20 11:00:00+00:00,2026-01-20 23:00:00+00:00,12.0,13,1.0,25.95,56.06,0.0,ordinary,open_water,"Khasab port, Oman",33.93,False,False,2,,False
244824000,COASTAL ROAMER,NLD,hormuz_control_mar2026,2026-01-20 06:00:00+00:00,2026-01-20 18:00:00+00:00,12.0,13,1.0,25.95385,56.05462,4.513,ordinary,open_water,"Khasab port, Oman",33.88,False,False,2,,False
271000419,SAFFET BEY,TUR,hormuz_control_mar2026,2026-01-17 13:00:00+00:00,2026-01-18 01:00:00+00:00,12.0,13,1.0,25.91,55.85,0.0,ordinary,open_water,"Khasab port, Oman",51.54,False,False,2,,False
352005243,RED SNAPPER 2,PAN,hormuz_control_mar2026,2026-01-20 11:00:00+00:00,2026-01-20 23:00:00+00:00,12.0,13,1.0,25.94154,56.06,2.053,ordinary,open_water,"Khasab port, Oman",34.72,False,False,2,,False
470043502,ALJEER 2 FBUOY,ARE,hormuz_control_mar2026,2026-01-19 00:00:00+00:00,2026-01-19 12:00:00+00:00,12.0,13,1.0,26.03615,56.07462,3.897,ordinary,open_water,"Khasab port, Oman",25.5,False,False,2,,False
470589000,HULAYLAH,ARE,hormuz_control_mar2026,2026-01-20 02:00:00+00:00,2026-01-20 14:00:00+00:00,12.0,13,1.0,25.71,55.8,0.0,ordinary,open_water,"Khor Fakkan port, UAE",69.38,False,False,2,,False
470590000,MASAFI,ARE,hormuz_control_mar2026,2026-01-19 02:00:00+00:00,2026-01-19 14:00:00+00:00,12.0,13,1.0,25.71077,55.8,1.026,ordinary,open_water,"Khor Fakkan port, UAE",69.43,False,False,2,,False
470590000,MASAFI,ARE,hormuz_control_mar2026,2026-01-20 02:00:00+00:00,2026-01-20 14:00:00+00:00,12.0,13,1.0,25.71846,55.79923,2.567,ordinary,open_water,"Khor Fakkan port, UAE",70.01,False,False,2,,False
470771000,STEVIN PISCES,ARE,hormuz_control_mar2026,2026-01-17 00:00:00+00:00,2026-01-17 12:00:00+00:00,12.0,13,1.0,25.96154,56.04769,3.446,ordinary,open_water,"Khasab port, Oman",33.6,False,False,2,,False
471031000,HAWK 1,,hormuz_control_mar2026,2026-01-20 02:00:00+00:00,2026-01-20 14:00:00+00:00,12.0,13,1.0,25.71769,55.8,1.369,ordinary,open_water,"Khor Fakkan port, UAE",69.89,False,False,2,,False
620999909,AVA 10,COM,hormuz_control_mar2026,2026-01-17 00:00:00+00:00,2026-01-17 12:00:00+00:00,12.0,13,1.0,25.81692,56.92923,4.208,ordinary,open_water,"Khor Fakkan port, UAE",78.27,False,False,2,,False
720017000,MIDAS 7,BOL,hormuz_control_mar2026,2026-01-20 11:00:00+00:00,2026-01-20 23:00:00+00:00,12.0,13,1.0,26.52,57.03,0.0,ordinary,open_water,"Larak Island anchorage, Iran",76.57,False,False,2,,False
721605000,TVG MEHDI 2,,hormuz_control_mar2026,2026-01-17 05:00:00+00:00,2026-01-17 17:00:00+00:00,12.0,7,0.538,26.95,55.65,0.0,ordinary,open_water,"Qeshm Island port, Iran",61.65,False,False,2,,False
232032457,CUMBRIA,GBR,hormuz_control_mar2026,2026-01-20 12:00:00+00:00,2026-01-20 23:00:00+00:00,11.0,12,1.0,25.97,56.05,0.0,ordinary,open_water,"Khasab port, Oman",32.71,False,False,2,,False
314001076,RAMYA,BRB,hormuz_control_mar2026,2026-01-17 00:00:00+00:00,2026-01-17 11:00:00+00:00,11.0,12,1.0,25.64,56.55,0.0,ordinary,open_water,"Khor Fakkan port, UAE",38.7,False,False,2,,False
352002749,BEOL,PAN,hormuz_control_mar2026,2026-01-18 07:00:00+00:00,2026-01-18 18:00:00+00:00,11.0,12,1.0,25.69167,55.76417,2.593,ordinary,open_water,"Khor Fakkan port, UAE",71.17,False,False,2,,False
373565000,V BRAVO,PAN,hormuz_control_mar2026,2026-01-17 00:00:00+00:00,2026-01-17 11:00:00+00:00,11.0,12,1.0,25.61083,56.29917,1.372,ordinary,open_water,"Khor Fakkan port, UAE",30.74,False,False,2,,False
422910000,NIKA SHAKARAMI,IRN,hormuz_control_mar2026,2026-01-19 23:00:00+00:00,2026-01-20 10:00:00+00:00,11.0,4,0.333,26.96,55.755,1.217,ordinary,open_water,"Qeshm Island port, Iran",51.23,False,False,2,,False
461800086,GHUMAYS 2,OMN,hormuz_control_mar2026,2026-01-20 12:00:00+00:00,2026-01-20 23:00:00+00:00,11.0,12,1.0,26.34,56.42,0.0,ordinary,open_water,"Khasab port, Oman",22.81,False,False,2,,False
470589000,HULAYLAH,ARE,hormuz_control_mar2026,2026-01-17 03:00:00+00:00,2026-01-17 14:00:00+00:00,11.0,11,0.917,25.71,55.8,0.0,ordinary,open_water,"Khor Fakkan port, UAE",69.38,False,False,2,,False
471208000,AL BAHAR 6,,hormuz_control_mar2026,2026-01-18 17:00:00+00:00,2026-01-19 04:00:00+00:00,11.0,12,1.0,25.98,56.06,0.0,ordinary,open_water,"Khasab port, Oman",31.22,False,False,2,,False
636019411,CL YANGZHOU,LBR,hormuz_control_mar2026,2026-01-20 12:00:00+00:00,2026-01-20 23:00:00+00:00,11.0,12,1.0,26.06167,55.94167,4.338,ordinary,open_water,"Khasab port, Oman",34.53,False,False,2,,False
636025158,OCEAN ENERGY,LBR,hormuz_control_mar2026,2026-01-17 18:00:00+00:00,2026-01-18 05:00:00+00:00,11.0,12,1.0,25.9875,55.87333,4.738,ordinary,open_water,"Khasab port, Oman",44.57,False,False,2,,False
244824000,COASTAL ROAMER,NLD,hormuz_control_mar2026,2026-01-19 08:00:00+00:00,2026-01-19 18:00:00+00:00,10.0,11,1.0,25.97545,55.90818,3.568,ordinary,open_water,"Khasab port, Oman",42.47,False,False,2,,False
306288000,SAVONA,BES,hormuz_control_mar2026,2026-01-17 21:00:00+00:00,2026-01-18 07:00:00+00:00,10.0,11,1.0,25.95,56.95,0.0,ordinary,open_water,"Khasab port, Oman",75.43,False,False,2,,False
307102000,OCEANA KAI,ABW,hormuz_control_mar2026,2026-01-20 13:00:00+00:00,2026-01-20 23:00:00+00:00,10.0,11,1.0,25.61,56.93,0.0,ordinary,open_water,"Khor Fakkan port, UAE",65.01,False,False,2,,False
341107001,SAMANTA,KNA,hormuz_control_mar2026,2026-01-17 06:00:00+00:00,2026-01-17 16:00:00+00:00,10.0,11,1.0,25.98818,56.05636,4.929,ordinary,open_water,"Khasab port, Oman",30.73,False,False,2,,False
355027000,WILMOT,PAN,hormuz_control_mar2026,2026-01-18 03:00:00+00:00,2026-01-18 13:00:00+00:00,10.0,11,1.0,26.56455,56.54818,4.412,ordinary,open_water,"Larak Island anchorage, Iran",37.38,False,False,2,,False
422350000,,IRN,hormuz_control_mar2026,2026-01-19 21:00:00+00:00,2026-01-20 07:00:00+00:00,10.0,8,0.727,26.965,55.74375,1.779,ordinary,open_water,"Qeshm Island port, Iran",52.35,False,False,2,,False
422445566,ESLAMI-2-29%,IRN,hormuz_control_mar2026,2026-01-20 13:00:00+00:00,2026-01-20 23:00:00+00:00,10.0,11,1.0,25.85,56.77,0.0,ordinary,open_water,"Khasab port, Oman",65.18,False,False,2,,False
422466900,HEDARY >: ABDOL,IRN,hormuz_control_mar2026,2026-01-20 11:00:00+00:00,2026-01-20 21:00:00+00:00,10.0,11,1.0,25.87727,56.82727,4.798,ordinary,open_water,"Khasab port, Oman",68.17,False,False,2,,False
422549100,ALBORZ ARVAND,IRN,hormuz_control_mar2026,2026-01-20 13:00:00+00:00,2026-01-20 23:00:00+00:00,10.0,9,0.818,26.97,55.74111,0.881,ordinary,open_water,"Qeshm Island port, Iran",52.62,False,False,2,,False
470043502,ALJEER 2 FBUOY,ARE,hormuz_control_mar2026,2026-01-18 13:00:00+00:00,2026-01-18 23:00:00+00:00,10.0,6,0.545,26.03,56.01833,4.72,ordinary,open_water,"Khasab port, Oman",30.06,False,False,2,,False
471031000,HAWK 1,,hormuz_control_mar2026,2026-01-17 03:00:00+00:00,2026-01-17 13:00:00+00:00,10.0,11,1.0,25.71091,55.8,1.011,ordinary,open_water,"Khor Fakkan port, UAE",69.44,False,False,2,,False
471259000,STEVIN PEARL,,hormuz_control_mar2026,2026-01-17 00:00:00+00:00,2026-01-17 10:00:00+00:00,10.0,11,1.0,26.01818,55.93364,4.159,ordinary,open_water,"Khasab port, Oman",37.66,False,False,2,,False
471259000,STEVIN PEARL,,hormuz_control_mar2026,2026-01-17 20:00:00+00:00,2026-01-18 06:00:00+00:00,10.0,11,1.0,25.96545,56.04182,4.992,ordinary,open_water,"Khasab port, Oman",33.61,False,False,2,,False
620800211,PARITOSH,COM,hormuz_control_mar2026,2026-01-18 11:00:00+00:00,2026-01-18 21:00:00+00:00,10.0,11,1.0,25.7,56.97,0.0,ordinary,open_water,"Khor Fakkan port, UAE",73.52,False,False,2,,False
620999680,SEA MIKAEEL,COM,hormuz_control_mar2026,2026-01-20 12:00:00+00:00,2026-01-20 22:00:00+00:00,10.0,10,0.909,26.536,57.068,1.368,ordinary,open_water,"Larak Island anchorage, Iran",79.08,False,False,2,,False
629009470,GLOBAL PEAK,GMB,hormuz_control_mar2026,2026-01-17 21:00:00+00:00,2026-01-18 07:00:00+00:00,10.0,10,0.909,25.639,56.932,4.5,ordinary,open_water,"Khor Fakkan port, UAE",66.73,False,False,2,,False
636018001,CONTSHIP UNO,LBR,hormuz_control_mar2026,2026-01-17 00:00:00+00:00,2026-01-17 10:00:00+00:00,10.0,11,1.0,26.03909,55.95182,2.079,ordinary,open_water,"Khasab port, Oman",34.88,False,False,2,,False
636025155,OCEAN PEARL I,LBR,hormuz_control_mar2026,2026-01-20 13:00:00+00:00,2026-01-20 23:00:00+00:00,10.0,11,1.0,25.96,56.05909,0.909,ordinary,open_water,"Khasab port, Oman",33.07,False,False,2,,False
636025160,OCEAN OPAL,LBR,hormuz_control_mar2026,2026-01-20 13:00:00+00:00,2026-01-20 23:00:00+00:00,10.0,11,1.0,25.72182,55.79909,2.217,ordinary,open_water,"Khasab port, Oman",69.96,False,False,2,,False
636025211,DISCOVERY,LBR,hormuz_control_mar2026,2026-01-19 12:00:00+00:00,2026-01-19 22:00:00+00:00,10.0,11,1.0,25.61182,56.30454,4.986,ordinary,open_water,"Khor Fakkan port, UAE",30.76,False,False,2,,False
305822000,BBC NORFOLK,ATG,hormuz_control_mar2026,2026-01-18 05:00:00+00:00,2026-01-18 14:00:00+00:00,9.0,10,1.0,26.04,55.94,4.995,ordinary,open_water,"Khasab port, Oman",35.84,False,False,2,,False
306288000,SAVONA,BES,hormuz_control_mar2026,2026-01-17 00:00:00+00:00,2026-01-17 09:00:00+00:00,9.0,10,1.0,26.046,56.841,3.782,ordinary,open_water,"Khasab port, Oman",61.6,False,False,2,,False
352004152,GLORY LIGHT 19,PAN,hormuz_control_mar2026,2026-01-20 14:00:00+00:00,2026-01-20 23:00:00+00:00,9.0,10,1.0,26.029,55.818,2.058,ordinary,open_water,"Khasab port, Oman",47.24,False,False,2,,False
408687000,BAK-20,BHR,hormuz_control_mar2026,2026-01-17 23:00:00+00:00,2026-01-18 08:00:00+00:00,9.0,10,1.0,25.968,56.001,3.302,ordinary,open_water,"Khasab port, Oman",36.06,False,False,2,,False
420003309,PARIS-180%,,hormuz_control_mar2026,2026-01-19 09:00:00+00:00,2026-01-19 18:00:00+00:00,9.0,6,0.6,25.65,57.46,2.005,ordinary,open_water,Fujairah/Khor Fakkan STS anchorage,115.69,False,False,2,,False
422008804,PARIS-240%,IRN,hormuz_control_mar2026,2026-01-19 09:00:00+00:00,2026-01-19 18:00:00+00:00,9.0,6,0.6,25.65167,57.45667,3.79,ordinary,open_water,Fujairah/Khor Fakkan STS anchorage,115.48,False,False,2,,False
422062800,ALI 9,IRN,hormuz_control_mar2026,2026-01-19 14:00:00+00:00,2026-01-19 23:00:00+00:00,9.0,3,0.3,26.96667,55.75333,0.993,ordinary,open_water,"Qeshm Island port, Iran",51.4,False,False,2,,False
422103413,MOLAY2_3\11903-78%,IRN,hormuz_control_mar2026,2026-01-17 13:00:00+00:00,2026-01-17 22:00:00+00:00,9.0,10,1.0,26.285,55.655,4.786,ordinary,open_water,"Khasab port, Oman",59.98,False,False,2,,False
422211100,RASHIDI99%,IRN,hormuz_control_mar2026,2026-01-19 22:00:00+00:00,2026-01-20 07:00:00+00:00,9.0,6,0.6,25.90167,57.20333,2.5,ordinary,open_water,"Khasab port, Oman",101.02,False,False,2,,False
422341529,MOLLAEE,IRN,hormuz_control_mar2026,2026-01-17 10:00:00+00:00,2026-01-17 19:00:00+00:00,9.0,7,0.7,26.3,55.67,3.886,ordinary,open_water,"Khasab port, Oman",58.78,False,False,2,,False
422373700,,IRN,hormuz_control_mar2026,2026-01-18 10:00:00+00:00,2026-01-18 19:00:00+00:00,9.0,6,0.6,26.96333,55.74833,1.492,ordinary,open_water,"Qeshm Island port, Iran",51.89,False,False,2,,False
422373700,,IRN,hormuz_control_mar2026,2026-01-19 08:00:00+00:00,2026-01-19 17:00:00+00:00,9.0,6,0.6,26.96,55.74667,1.293,ordinary,open_water,"Qeshm Island port, Iran",52.06,False,False,2,,False
422552000,NAGHSH JAHAN 1,IRN,hormuz_control_mar2026,2026-01-20 04:00:00+00:00,2026-01-20 13:00:00+00:00,9.0,4,0.4,26.9525,55.7525,1.27,ordinary,open_water,"Qeshm Island port, Iran",51.48,False,False,2,,False
422900600,NEZAMIGANJAVI6,IRN,hormuz_control_mar2026,2026-01-17 09:00:00+00:00,2026-01-17 18:00:00+00:00,9.0,10,1.0,26.53,57.071,4.079,ordinary,open_water,"Larak Island anchorage, Iran",79.65,False,False,2,,False
470043502,ALJEER 2 FBUOY,ARE,hormuz_control_mar2026,2026-01-19 17:00:00+00:00,2026-01-20 02:00:00+00:00,9.0,5,0.5,26.036,56.042,4.897,ordinary,open_water,"Khasab port, Oman",27.84,False,False,2,,False
470133601,PROFESSOR NET BUOY 1,ARE,hormuz_control_mar2026,2026-01-19 13:00:00+00:00,2026-01-19 22:00:00+00:00,9.0,10,1.0,26.038,56.024,3.93,ordinary,open_water,"Khasab port, Oman",29.06,False,False,2,,False
470590000,MASAFI,ARE,hormuz_control_mar2026,2026-01-17 02:00:00+00:00,2026-01-17 11:00:00+00:00,9.0,10,1.0,25.711,55.8,1.001,ordinary,open_water,"Khor Fakkan port, UAE",69.45,False,False,2,,False
471031000,HAWK 1,,hormuz_control_mar2026,2026-01-19 02:00:00+00:00,2026-01-19 11:00:00+00:00,9.0,10,1.0,25.71,55.8,0.0,ordinary,open_water,"Khor Fakkan port, UAE",69.38,False,False,2,,False
477795900,AMOY PROGRESS,HKG,hormuz_control_mar2026,2026-01-17 00:00:00+00:00,2026-01-17 09:00:00+00:00,9.0,10,1.0,25.6,56.43,0.0,ordinary,open_water,"Khor Fakkan port, UAE",29.94,False,False,2,,False
538004343,IOLCOS GENESIS,MHL,hormuz_control_mar2026,2026-01-20 14:00:00+00:00,2026-01-20 23:00:00+00:00,9.0,10,1.0,25.98,56.04,0.0,ordinary,open_water,"Khasab port, Oman",32.47,False,False,2,,False
620999574,DENIZ 5,COM,hormuz_control_mar2026,2026-01-20 03:00:00+00:00,2026-01-20 12:00:00+00:00,9.0,10,1.0,25.64,56.714,4.728,ordinary,open_water,"Khor Fakkan port, UAE",49.09,False,False,2,,False
620999616,SHAHIN 3,COM,hormuz_control_mar2026,2026-01-18 06:00:00+00:00,2026-01-18 15:00:00+00:00,9.0,10,1.0,26.024,55.922,3.266,ordinary,open_water,"Khasab port, Oman",38.29,False,False,2,,False
620999680,SEA MIKAEEL,COM,hormuz_control_mar2026,2026-01-18 12:00:00+00:00,2026-01-18 21:00:00+00:00,9.0,8,0.8,26.53875,57.0625,1.994,ordinary,open_water,"Larak Island anchorage, Iran",78.46,False,False,2,,False
620999710,HAMOON,COM,hormuz_control_mar2026,2026-01-17 00:00:00+00:00,2026-01-17 09:00:00+00:00,9.0,9,0.9,26.53667,57.04889,4.878,ordinary,open_water,"Larak Island anchorage, Iran",77.36,False,False,2,,False
744774515,PROFESSOR NET BOUYA2,,hormuz_control_mar2026,2026-01-19 13:00:00+00:00,2026-01-19 22:00:00+00:00,9.0,10,1.0,26.041,56.018,4.439,ordinary,open_water,"Khasab port, Oman",29.32,False,False,2,,False
242418238,PROFESSOR 2,MAR,hormuz_control_mar2026,2026-01-19 04:00:00+00:00,2026-01-19 12:00:00+00:00,8.0,7,0.778,26.0,56.07,0.0,ordinary,open_water,"Khasab port, Oman",28.85,False,False,2,,False
243410006,MOLLAE3/11403-71%,HUN,hormuz_control_mar2026,2026-01-17 13:00:00+00:00,2026-01-17 21:00:00+00:00,8.0,9,1.0,26.31556,55.66444,3.488,ordinary,open_water,"Khasab port, Oman",59.66,False,False,2,,False
306288000,SAVONA,BES,hormuz_control_mar2026,2026-01-17 10:00:00+00:00,2026-01-17 18:00:00+00:00,8.0,9,1.0,26.00889,56.76222,3.231,ordinary,open_water,"Khasab port, Oman",55.58,False,False,2,,False
352002793,NASHWAN 2,PAN,hormuz_control_mar2026,2026-01-17 00:00:00+00:00,2026-01-17 08:00:00+00:00,8.0,9,1.0,25.88778,56.00889,3.585,ordinary,open_water,"Khasab port, Oman",42.53,False,False,2,,False
419000303,VISHVA CHETNA,IND,hormuz_control_mar2026,2026-01-20 15:00:00+00:00,2026-01-20 23:00:00+00:00,8.0,9,1.0,25.61,56.3,0.0,ordinary,open_water,"Khor Fakkan port, UAE",30.64,False,False,2,,False
420001111,ARMIN-2-99%,,hormuz_control_mar2026,2026-01-20 13:00:00+00:00,2026-01-20 21:00:00+00:00,8.0,9,1.0,25.83,57.29,0.0,ordinary,open_water,"Khor Fakkan port, UAE",108.4,False,False,2,,False
422000122,ABOBAKR-52%,IRN,hormuz_control_mar2026,2026-01-19 02:00:00+00:00,2026-01-19 10:00:00+00:00,8.0,7,0.778,25.83,57.29,0.0,ordinary,open_water,"Khor Fakkan port, UAE",108.4,False,False,2,,False
422058300,SOLTAN ARVAND,IRN,hormuz_control_mar2026,2026-01-20 12:00:00+00:00,2026-01-20 20:00:00+00:00,8.0,5,0.556,26.946,55.648,1.948,ordinary,open_water,"Qeshm Island port, Iran",61.85,False,False,2,,False
422085700,NEZAMI GANJAVI 5,IRN,hormuz_control_mar2026,2026-01-17 01:00:00+00:00,2026-01-17 09:00:00+00:00,8.0,9,1.0,26.53556,57.04,0.618,ordinary,open_water,"Larak Island anchorage, Iran",76.63,False,False,2,,False
422103341,SARFARAZ3/11361_4,IRN,hormuz_control_mar2026,2026-01-17 13:00:00+00:00,2026-01-17 21:00:00+00:00,8.0,9,1.0,26.31889,55.68,4.108,ordinary,open_water,"Khasab port, Oman",58.22,False,False,2,,False
422234577,HEDARY-NET-84%,IRN,hormuz_control_mar2026,2026-01-20 11:00:00+00:00,2026-01-20 19:00:00+00:00,8.0,9,1.0,25.89111,56.82111,4.736,ordinary,open_water,"Khasab port, Oman",66.83,False,False,2,,False
422445566,ESLAMI-2-29%,IRN,hormuz_control_mar2026,2026-01-19 02:00:00+00:00,2026-01-19 10:00:00+00:00,8.0,7,0.778,25.92714,57.20428,3.715,ordinary,open_water,"Khasab port, Oman",100.2,False,False,2,,False
422610000,,IRN,hormuz_control_mar2026,2026-01-20 03:00:00+00:00,2026-01-20 11:00:00+00:00,8.0,4,0.444,26.965,55.7475,1.686,ordinary,open_water,"Qeshm Island port, Iran",51.98,False,False,2,,False
422681000,,IRN,hormuz_control_mar2026,2026-01-20 05:00:00+00:00,2026-01-20 13:00:00+00:00,8.0,7,0.778,26.95286,55.75,1.906,ordinary,open_water,"Qeshm Island port, Iran",51.73,False,False,2,,False
422795900,3/11510,IRN,hormuz_control_mar2026,2026-01-17 20:00:00+00:00,2026-01-18 04:00:00+00:00,8.0,9,1.0,25.95,56.85,0.0,ordinary,open_water,"Khasab port, Oman",66.27,False,False,2,,False
422797900,SAMAD 10651,IRN,hormuz_control_mar2026,2026-01-17 13:00:00+00:00,2026-01-17 21:00:00+00:00,8.0,7,0.778,26.31286,55.69571,4.625,ordinary,open_water,"Khasab port, Oman",56.55,False,False,2,,False
422811293,ASHKAN_FISHNET-68%,IRN,hormuz_control_mar2026,2026-01-17 02:00:00+00:00,2026-01-17 10:00:00+00:00,8.0,4,0.444,26.53,57.08,0.0,ordinary,open_water,"Larak Island anchorage, Iran",80.45,False,False,2,,False
422877000,MOMTAZ 2@@@@@@@@@@AM,IRN,hormuz_control_mar2026,2026-01-20 15:00:00+00:00,2026-01-20 23:00:00+00:00,8.0,9,1.0,26.95,55.98,0.0,ordinary,open_water,"Qeshm Island port, Iran",28.95,False,False,2,,False
470043501,ALJEER 1 FBUOY,ARE,hormuz_control_mar2026,2026-01-19 17:00:00+00:00,2026-01-20 01:00:00+00:00,8.0,4,0.444,26.04,56.035,4.476,ordinary,open_water,"Khasab port, Oman",28.07,False,False,2,,False
470043501,ALJEER 1 FBUOY,ARE,hormuz_control_mar2026,2026-01-20 05:00:00+00:00,2026-01-20 13:00:00+00:00,8.0,9,1.0,26.04,56.08889,0.888,ordinary,open_water,"Khasab port, Oman",24.22,False,False,2,,False
470427000,KITE,ARE,hormuz_control_mar2026,2026-01-19 04:00:00+00:00,2026-01-19 12:00:00+00:00,8.0,9,1.0,25.80333,55.94,3.349,ordinary,open_water,"Khasab port, Oman",54.17,False,False,2,,False
470427000,KITE,ARE,hormuz_control_mar2026,2026-01-20 04:00:00+00:00,2026-01-20 12:00:00+00:00,8.0,9,1.0,25.80333,55.94,2.492,ordinary,open_water,"Khasab port, Oman",54.17,False,False,2,,False
470456000,JABAL MASAFI,ARE,hormuz_control_mar2026,2026-01-17 00:00:00+00:00,2026-01-17 08:00:00+00:00,8.0,9,1.0,25.61,56.3,0.0,ordinary,open_water,"Khor Fakkan port, UAE",30.64,False,False,2,,False
470589000,HULAYLAH,ARE,hormuz_control_mar2026,2026-01-19 04:00:00+00:00,2026-01-19 12:00:00+00:00,8.0,9,1.0,25.71,55.8,0.0,ordinary,open_water,"Khor Fakkan port, UAE",69.38,False,False,2,,False
471208000,AL BAHAR 6,,hormuz_control_mar2026,2026-01-20 15:00:00+00:00,2026-01-20 23:00:00+00:00,8.0,9,1.0,25.97889,56.04889,1.329,ordinary,open_water,"Khasab port, Oman",32.0,False,False,2,,False
636025160,OCEAN OPAL,LBR,hormuz_control_mar2026,2026-01-17 00:00:00+00:00,2026-01-17 08:00:00+00:00,8.0,9,1.0,25.85667,55.66889,4.863,ordinary,open_water,"Khasab port, Oman",69.65,False,False,2,,False
647553044,NOOR 91,MDG,hormuz_control_mar2026,2026-01-18 09:00:00+00:00,2026-01-18 17:00:00+00:00,8.0,7,0.778,26.53429,57.06143,2.224,ordinary,open_water,"Larak Island anchorage, Iran",78.59,False,False,2,,False
677030600,SANA,TZA,hormuz_control_mar2026,2026-01-17 00:00:00+00:00,2026-01-17 08:00:00+00:00,8.0,9,1.0,25.98,56.05,0.0,ordinary,open_water,"Khasab port, Oman",31.83,False,False,2,,False
352004136,FORTUNE,PAN,hormuz_control_mar2026,2026-01-17 00:00:00+00:00,2026-01-17 07:00:00+00:00,7.0,8,1.0,25.67375,56.98625,3.929,ordinary,open_water,"Khor Fakkan port, UAE",73.37,False,False,2,,False
352004496,VOYAGER HAVEN,PAN,hormuz_control_mar2026,2026-01-20 01:00:00+00:00,2026-01-20 08:00:00+00:00,7.0,8,1.0,25.55375,56.76625,4.682,ordinary,open_water,"Khor Fakkan port, UAE",47.59,False,False,2,,False
422000122,ABOBAKR-52%,IRN,hormuz_control_mar2026,2026-01-17 02:00:00+00:00,2026-01-17 09:00:00+00:00,7.0,4,0.5,25.81,57.2925,3.419,ordinary,open_water,"Khor Fakkan port, UAE",107.53,False,False,2,,False
422058300,SOLTAN ARVAND,IRN,hormuz_control_mar2026,2026-01-19 19:00:00+00:00,2026-01-20 02:00:00+00:00,7.0,7,0.875,26.95143,55.65286,1.948,ordinary,open_water,"Qeshm Island port, Iran",61.36,False,False,2,,False
422100901,SAMAD1_3\10651-85%,IRN,hormuz_control_mar2026,2026-01-17 14:00:00+00:00,2026-01-17 21:00:00+00:00,7.0,8,1.0,26.3025,55.6875,3.988,ordinary,open_water,"Khasab port, Oman",57.11,False,False,2,,False
422795900,3/11510,IRN,hormuz_control_mar2026,2026-01-17 12:00:00+00:00,2026-01-17 19:00:00+00:00,7.0,8,1.0,25.95375,56.79375,2.714,ordinary,open_water,"Khasab port, Oman",61.04,False,False,2,,False
422910268,HAMID3_1776-91%,IRN,hormuz_control_mar2026,2026-01-17 00:00:00+00:00,2026-01-17 07:00:00+00:00,7.0,8,1.0,26.97,56.05,0.0,ordinary,open_water,"Qeshm Island port, Iran",22.03,False,False,2,,False
470047301,SA7SHII- FISHNET 1,ARE,hormuz_control_mar2026,2026-01-18 13:00:00+00:00,2026-01-18 20:00:00+00:00,7.0,8,1.0,26.02,56.005,4.145,ordinary,open_water,"Khasab port, Oman",31.8,False,False,2,,False
470100641,HAMIDI_NET_1-99%,ARE,hormuz_control_mar2026,2026-01-17 00:00:00+00:00,2026-01-17 07:00:00+00:00,7.0,8,1.0,26.97,56.05,0.0,ordinary,open_water,"Qeshm Island port, Iran",22.03,False,False,2,,False
470200084,HAMIDI_NET_2-99%,ARE,hormuz_control_mar2026,2026-01-17 00:00:00+00:00,2026-01-17 07:00:00+00:00,7.0,8,1.0,26.97,56.045,3.469,ordinary,open_water,"Qeshm Island port, Iran",22.53,False,False,2,,False
470731000,FLOUNDER BAY,ARE,hormuz_control_mar2026,2026-01-19 07:00:00+00:00,2026-01-19 14:00:00+00:00,7.0,8,1.0,25.61125,55.6525,4.935,ordinary,open_water,"Khor Fakkan port, UAE",76.84,False,False,2,,False
470742702,FREEDOM FBUOY 2,ARE,hormuz_control_mar2026,2026-01-19 05:00:00+00:00,2026-01-19 12:00:00+00:00,7.0,8,1.0,26.0,56.07,0.0,ordinary,open_water,"Khasab port, Oman",28.85,False,False,2,,False
538002632,STAR MARIELLA,MHL,hormuz_control_mar2026,2026-01-19 18:00:00+00:00,2026-01-20 01:00:00+00:00,7.0,8,1.0,26.0625,55.94125,3.469,ordinary,open_water,"Khasab port, Oman",34.52,False,False,2,,False
629009458,SALAKH 22,GMB,hormuz_control_mar2026,2026-01-17 01:00:00+00:00,2026-01-17 08:00:00+00:00,7.0,8,1.0,26.53,57.06625,1.368,ordinary,open_water,"Larak Island anchorage, Iran",79.23,False,False,2,,False
629009458,SALAKH 22,GMB,hormuz_control_mar2026,2026-01-19 13:00:00+00:00,2026-01-19 20:00:00+00:00,7.0,8,1.0,26.53,57.06,4.975,ordinary,open_water,"Larak Island anchorage, Iran",78.68,False,False,2,,False
636092852,PATRICIA OLDENDORFF,LBR,hormuz_control_mar2026,2026-01-17 16:00:00+00:00,2026-01-17 23:00:00+00:00,7.0,8,1.0,26.00375,56.02,4.949,ordinary,open_water,"Khasab port, Oman",31.9,False,False,2,,False
671404100,NEPTUNE,TGO,hormuz_control_mar2026,2026-01-18 14:00:00+00:00,2026-01-18 21:00:00+00:00,7.0,8,1.0,26.53125,57.0675,1.747,ordinary,open_water,"Larak Island anchorage, Iran",79.28,False,False,2,,False
271000419,SAFFET BEY,TUR,hormuz_control_mar2026,2026-01-17 06:00:00+00:00,2026-01-17 12:00:00+00:00,6.0,7,1.0,25.89,55.88571,4.785,ordinary,open_water,"Khasab port, Oman",50.34,False,False,2,,False
341782001,MIRA,KNA,hormuz_control_mar2026,2026-01-18 02:00:00+00:00,2026-01-18 08:00:00+00:00,6.0,7,1.0,26.0,56.03286,4.826,ordinary,open_water,"Khasab port, Oman",31.29,False,False,2,,False
408687000,BAK-20,BHR,hormuz_control_mar2026,2026-01-17 09:00:00+00:00,2026-01-17 15:00:00+00:00,6.0,7,1.0,25.95,55.86429,3.571,ordinary,open_water,"Khasab port, Oman",47.68,False,False,2,,False
419000174,VISHVA PRERNA,IND,hormuz_control_mar2026,2026-01-17 00:00:00+00:00,2026-01-17 06:00:00+00:00,6.0,7,1.0,25.97143,56.05,0.953,ordinary,open_water,"Khasab port, Oman",32.58,False,False,2,,False
419794000,DESH GARIMA,IND,hormuz_control_mar2026,2026-01-19 06:00:00+00:00,2026-01-19 12:00:00+00:00,6.0,5,0.714,25.508,57.076,2.931,ordinary,open_water,Fujairah/Khor Fakkan STS anchorage,74.45,False,False,2,,False
422015896,SARFAZ 3I11361,IRN,hormuz_control_mar2026,2026-01-17 15:00:00+00:00,2026-01-17 21:00:00+00:00,6.0,7,1.0,26.29,55.68286,4.817,ordinary,open_water,"Khasab port, Oman",57.32,False,False,2,,False
422038100,HANI 30,IRN,hormuz_control_mar2026,2026-01-20 17:00:00+00:00,2026-01-20 23:00:00+00:00,6.0,7,1.0,25.89,55.74714,4.505,ordinary,open_water,"Khasab port, Oman",61.09,False,False,2,,False
422058300,SOLTAN ARVAND,IRN,hormuz_control_mar2026,2026-01-19 06:00:00+00:00,2026-01-19 12:00:00+00:00,6.0,6,0.857,26.95,55.65,0.0,ordinary,open_water,"Qeshm Island port, Iran",61.65,False,False,2,,False
422100671,SAMAD3_3\10651-87%,IRN,hormuz_control_mar2026,2026-01-17 15:00:00+00:00,2026-01-17 21:00:00+00:00,6.0,7,1.0,26.31286,55.69714,4.71,ordinary,open_water,"Khasab port, Oman",56.41,False,False,2,,False
422100706,SAMAD2_3\10651-36%,IRN,hormuz_control_mar2026,2026-01-17 15:00:00+00:00,2026-01-17 21:00:00+00:00,6.0,7,1.0,26.32,55.68571,3.729,ordinary,open_water,"Khasab port, Oman",57.69,False,False,2,,False
422350000,,IRN,hormuz_control_mar2026,2026-01-18 02:00:00+00:00,2026-01-18 08:00:00+00:00,6.0,2,0.286,26.97,55.75,0.991,ordinary,open_water,"Qeshm Island port, Iran",51.74,False,False,2,,False
422373700,,IRN,hormuz_control_mar2026,2026-01-17 15:00:00+00:00,2026-01-17 21:00:00+00:00,6.0,6,0.857,26.96667,55.73833,2.184,ordinary,open_water,"Qeshm Island port, Iran",52.89,False,False,2,,False
422681000,,IRN,hormuz_control_mar2026,2026-01-18 07:00:00+00:00,2026-01-18 13:00:00+00:00,6.0,3,0.429,26.96,55.75,1.112,ordinary,open_water,"Qeshm Island port, Iran",51.73,False,False,2,,False
422700340,KOSAR-VAHID,IRN,hormuz_control_mar2026,2026-01-19 13:00:00+00:00,2026-01-19 19:00:00+00:00,6.0,3,0.429,26.15,57.09667,1.296,ordinary,open_water,"Khasab port, Oman",84.75,False,False,2,,False
422709300,TAIEB3/12903,IRN,hormuz_control_mar2026,2026-01-19 13:00:00+00:00,2026-01-19 19:00:00+00:00,6.0,4,0.571,26.2125,57.0575,4.108,ordinary,open_water,"Khasab port, Oman",80.62,False,False,2,,False
422755700,OMID POL,IRN,hormuz_control_mar2026,2026-01-17 00:00:00+00:00,2026-01-17 06:00:00+00:00,6.0,3,0.429,26.97,55.74333,0.661,ordinary,open_water,"Qeshm Island port, Iran",52.4,False,False,2,,False
422910555,MOLAVI2_3/11903-86%,IRN,hormuz_control_mar2026,2026-01-17 15:00:00+00:00,2026-01-17 21:00:00+00:00,6.0,7,1.0,26.29714,55.66429,3.509,ordinary,open_water,"Khasab port, Oman",59.28,False,False,2,,False
470024403,SHOMOOKH 3 FBUOY,ARE,hormuz_control_mar2026,2026-01-19 13:00:00+00:00,2026-01-19 19:00:00+00:00,6.0,7,1.0,25.80714,55.64857,4.927,ordinary,open_water,"Khasab port, Oman",74.48,False,False,2,,False
470040601,ALSHEHHI-01,ARE,hormuz_control_mar2026,2026-01-19 13:00:00+00:00,2026-01-19 19:00:00+00:00,6.0,7,1.0,25.84714,55.61,4.434,ordinary,open_water,"Khasab port, Oman",75.17,False,False,2,,False
470040602,ALSHEHHI-02,ARE,hormuz_control_mar2026,2026-01-19 13:00:00+00:00,2026-01-19 19:00:00+00:00,6.0,7,1.0,25.83714,55.61429,4.825,ordinary,open_water,"Khasab port, Oman",75.41,False,False,2,,False
470079902,SA7SHII- FISHNET 2,ARE,hormuz_control_mar2026,2026-01-18 13:00:00+00:00,2026-01-18 19:00:00+00:00,6.0,7,1.0,26.02571,55.99571,3.844,ordinary,open_water,"Khasab port, Oman",32.12,False,False,2,,False
470700601,ALKASER 1,ARE,hormuz_control_mar2026,2026-01-19 14:00:00+00:00,2026-01-19 20:00:00+00:00,6.0,7,1.0,25.84286,55.69,4.257,ordinary,open_water,"Khasab port, Oman",68.79,False,False,2,,False
470700601,ALKASER 1,ARE,hormuz_control_mar2026,2026-01-20 14:00:00+00:00,2026-01-20 20:00:00+00:00,6.0,7,1.0,26.00571,56.03571,4.891,ordinary,open_water,"Khasab port, Oman",30.63,False,False,2,,False
470735901,BRIGHT STAR FBUOY 1,ARE,hormuz_control_mar2026,2026-01-17 20:00:00+00:00,2026-01-18 02:00:00+00:00,6.0,7,1.0,26.04,55.99857,3.847,ordinary,open_water,"Khasab port, Oman",30.94,False,False,2,,False
470735902,BRIGHT STAR FBUOY 2,ARE,hormuz_control_mar2026,2026-01-17 20:00:00+00:00,2026-01-18 02:00:00+00:00,6.0,7,1.0,26.04714,55.99857,3.45,ordinary,open_water,"Khasab port, Oman",30.48,False,False,2,,False
470742702,FREEDOM FBUOY 2,ARE,hormuz_control_mar2026,2026-01-20 17:00:00+00:00,2026-01-20 23:00:00+00:00,6.0,7,1.0,26.00286,56.06571,3.199,ordinary,open_water,"Khasab port, Oman",28.87,False,False,2,,False
471200000,RAMHAN,,hormuz_control_mar2026,2026-01-19 10:00:00+00:00,2026-01-19 16:00:00+00:00,6.0,7,1.0,25.96857,55.86429,2.742,ordinary,open_water,"Khasab port, Oman",46.49,False,False,2,,False
471200000,RAMHAN,,hormuz_control_mar2026,2026-01-19 17:00:00+00:00,2026-01-19 23:00:00+00:00,6.0,7,1.0,25.97429,55.98571,3.908,ordinary,open_water,"Khasab port, Oman",36.64,False,False,2,,False
471259000,STEVIN PEARL,,hormuz_control_mar2026,2026-01-17 13:00:00+00:00,2026-01-17 19:00:00+00:00,6.0,7,1.0,26.01571,55.93571,4.463,ordinary,open_water,"Khasab port, Oman",37.64,False,False,2,,False
620999574,DENIZ 5,COM,hormuz_control_mar2026,2026-01-19 07:00:00+00:00,2026-01-19 13:00:00+00:00,6.0,7,1.0,25.67,56.70143,2.229,ordinary,open_water,"Khor Fakkan port, UAE",50.54,False,False,2,,False
629009596,NOVA,GMB,hormuz_control_mar2026,2026-01-18 14:00:00+00:00,2026-01-18 20:00:00+00:00,6.0,7,1.0,25.51571,56.91,2.7,ordinary,open_water,"Khor Fakkan port, UAE",58.99,False,False,2,,False
636025160,OCEAN OPAL,LBR,hormuz_control_mar2026,2026-01-17 14:00:00+00:00,2026-01-17 20:00:00+00:00,6.0,7,1.0,25.85571,55.70857,4.439,ordinary,open_water,"Khasab port, Oman",66.44,False,False,2,,False
721605000,TVG MEHDI 2,,hormuz_control_mar2026,2026-01-18 02:00:00+00:00,2026-01-18 08:00:00+00:00,6.0,4,0.571,26.95,55.65,0.0,ordinary,open_water,"Qeshm Island port, Iran",61.65,False,False,2,,False
419039400,MSV AL YASIN,IND,hormuz_control_mar2026,2026-01-17 00:00:00+00:00,2026-01-20 23:00:00+00:00,95.0,96,1.0,26.24552,56.24156,1.733,extended,ordinary_anchorage,"Khasab port, Oman",4.76,True,False,1,,False
419956012,SAFINA AL GAYATRI,IND,hormuz_control_mar2026,2026-01-17 00:00:00+00:00,2026-01-20 23:00:00+00:00,95.0,86,0.896,26.2414,56.23965,0.975,extended,ordinary_anchorage,"Khasab port, Oman",4.34,True,False,1,,False
419956455,MSV NOORE AL AHEMAD,IND,hormuz_control_mar2026,2026-01-17 00:00:00+00:00,2026-01-20 23:00:00+00:00,95.0,96,1.0,26.24094,56.23938,1.375,extended,ordinary_anchorage,"Khasab port, Oman",4.3,True,False,1,,False
422001700,AMIR2,IRN,hormuz_control_mar2026,2026-01-17 00:00:00+00:00,2026-01-20 23:00:00+00:00,95.0,96,1.0,26.96,56.29,0.0,extended,ordinary_anchorage,"Qeshm Island port, Iran",1.81,True,False,1,,False
422037100,GOLSAR,IRN,hormuz_control_mar2026,2026-01-17 00:00:00+00:00,2026-01-20 23:00:00+00:00,95.0,96,1.0,26.92625,56.36,0.695,extended,ordinary_anchorage,"Larak Island anchorage, Iran",8.12,True,False,1,,False
422038800,ARTAM,IRN,hormuz_control_mar2026,2026-01-17 00:00:00+00:00,2026-01-20 23:00:00+00:00,95.0,96,1.0,26.99,56.44,0.0,extended,ordinary_anchorage,"Qeshm Island port, Iran",17.03,True,False,1,,False
422038900,ARZIN,IRN,hormuz_control_mar2026,2026-01-17 00:00:00+00:00,2026-01-20 23:00:00+00:00,95.0,95,0.99,26.99,56.34495,0.501,extended,ordinary_anchorage,"Qeshm Island port, Iran",8.06,True,False,1,,False
422039300,AZARGOUN,IRN,hormuz_control_mar2026,2026-01-17 00:00:00+00:00,2026-01-20 23:00:00+00:00,95.0,96,1.0,26.9999,56.42,1.1,extended,ordinary_anchorage,"Qeshm Island port, Iran",15.39,True,False,1,,False
422231100,DELICE,IRN,hormuz_control_mar2026,2026-01-17 00:00:00+00:00,2026-01-20 23:00:00+00:00,95.0,95,0.99,26.97411,56.34326,1.391,extended,ordinary_anchorage,"Qeshm Island port, Iran",7.29,True,False,1,,False
422231200,DEVREZ,IRN,hormuz_control_mar2026,2026-01-17 00:00:00+00:00,2026-01-20 23:00:00+00:00,95.0,96,1.0,26.91052,56.36864,1.063,extended,ordinary_anchorage,"Larak Island anchorage, Iran",6.49,True,False,1,,False
620800164,DIAMOND SKIES,COM,hormuz_control_mar2026,2026-01-17 00:00:00+00:00,2026-01-20 23:00:00+00:00,95.0,96,1.0,26.24323,56.28646,3.429,extended,ordinary_anchorage,"Khasab port, Oman",5.77,True,False,1,,False
419956031,MSV AL SAHARA 1371,IND,hormuz_control_mar2026,2026-01-17 00:00:00+00:00,2026-01-18 08:00:00+00:00,32.0,33,1.0,26.23273,56.23879,2.111,ordinary,ordinary_anchorage,"Khasab port, Oman",3.44,False,False,1,,False
461000151,HORMUZ,OMN,hormuz_control_mar2026,2026-01-17 00:00:00+00:00,2026-01-18 07:00:00+00:00,31.0,32,1.0,26.21,56.25,0.0,ordinary,ordinary_anchorage,"Khasab port, Oman",0.74,False,False,1,,False
422036600,MAHNAM,IRN,hormuz_control_mar2026,2026-01-19 18:00:00+00:00,2026-01-20 23:00:00+00:00,29.0,30,1.0,26.998,56.45967,0.983,ordinary,ordinary_anchorage,"Larak Island anchorage, Iran",19.11,False,False,1,,False
422031600,ABYAN,IRN,hormuz_control_mar2026,2026-01-17 00:00:00+00:00,2026-01-18 04:00:00+00:00,28.0,29,1.0,26.94276,56.42793,1.125,ordinary,ordinary_anchorage,"Larak Island anchorage, Iran",12.26,False,False,1,,False
422059900,,IRN,hormuz_control_mar2026,2026-01-17 13:00:00+00:00,2026-01-18 17:00:00+00:00,28.0,22,0.759,26.97091,56.27,2.123,ordinary,ordinary_anchorage,"Qeshm Island port, Iran",1.44,False,False,1,,False
232059019,LADY FAYALIA,GBR,hormuz_control_mar2026,2026-01-17 00:00:00+00:00,2026-01-18 03:00:00+00:00,27.0,26,0.929,26.18385,56.34192,1.969,ordinary,ordinary_anchorage,"Khasab port, Oman",9.48,False,False,1,,False
422040300,WARTA,IRN,hormuz_control_mar2026,2026-01-19 19:00:00+00:00,2026-01-20 21:00:00+00:00,26.0,25,0.926,26.91,56.4,0.0,ordinary,ordinary_anchorage,"Larak Island anchorage, Iran",7.69,False,False,1,,False
422142000,SARDASHT,IRN,hormuz_control_mar2026,2026-01-18 09:00:00+00:00,2026-01-19 05:00:00+00:00,20.0,21,1.0,26.9819,56.24,0.9,ordinary,ordinary_anchorage,"Qeshm Island port, Iran",4.12,False,False,1,,False
620800201,YEKTA 12,COM,hormuz_control_mar2026,2026-01-17 22:00:00+00:00,2026-01-18 18:00:00+00:00,20.0,21,1.0,26.97952,56.32,2.171,ordinary,ordinary_anchorage,"Qeshm Island port, Iran",5.33,False,False,1,,False
422142000,SARDASHT,IRN,hormuz_control_mar2026,2026-01-20 06:00:00+00:00,2026-01-20 23:00:00+00:00,17.0,18,1.0,26.98,56.24,0.0,ordinary,ordinary_anchorage,"Qeshm Island port, Iran",3.99,False,False,1,,False
422086400,KIHAN PISHRO,IRN,hormuz_control_mar2026,2026-01-17 02:00:00+00:00,2026-01-17 18:00:00+00:00,16.0,12,0.706,26.97,56.27,0.0,ordinary,ordinary_anchorage,"Qeshm Island port, Iran",1.34,False,False,1,,False
422880500,RAD13587,IRN,hormuz_control_mar2026,2026-01-17 11:00:00+00:00,2026-01-18 03:00:00+00:00,16.0,17,1.0,26.23,56.24059,1.455,ordinary,ordinary_anchorage,"Khasab port, Oman",3.09,False,False,1,,False
422059900,,IRN,hormuz_control_mar2026,2026-01-19 16:00:00+00:00,2026-01-20 07:00:00+00:00,15.0,9,0.562,26.97111,56.27,0.988,ordinary,ordinary_anchorage,"Qeshm Island port, Iran",1.46,False,False,1,,False
419956884,MSV HAJI ALI,IND,hormuz_control_mar2026,2026-01-20 09:00:00+00:00,2026-01-20 23:00:00+00:00,14.0,15,1.0,26.25,56.24,0.0,ordinary,ordinary_anchorage,"Khasab port, Oman",5.27,False,False,1,,False
352002023,PANICKER,PAN,hormuz_control_mar2026,2026-01-20 10:00:00+00:00,2026-01-20 23:00:00+00:00,13.0,14,1.0,26.21714,56.25357,3.671,ordinary,ordinary_anchorage,"Khasab port, Oman",1.59,False,False,1,,False
422057200,,IRN,hormuz_control_mar2026,2026-01-17 16:00:00+00:00,2026-01-18 05:00:00+00:00,13.0,10,0.714,26.97,56.27,0.0,ordinary,ordinary_anchorage,"Qeshm Island port, Iran",1.34,False,False,1,,False
422086400,KIHAN PISHRO,IRN,hormuz_control_mar2026,2026-01-18 13:00:00+00:00,2026-01-19 02:00:00+00:00,13.0,14,1.0,26.97,56.27,0.0,ordinary,ordinary_anchorage,"Qeshm Island port, Iran",1.34,False,False,1,,False
229678000,MEIN SCHIFF 4,MLT,hormuz_control_mar2026,2026-01-20 02:00:00+00:00,2026-01-20 14:00:00+00:00,12.0,13,1.0,26.21,56.25,0.0,ordinary,ordinary_anchorage,"Khasab port, Oman",0.74,False,False,1,,False
338124736,MONALISA,USA,hormuz_control_mar2026,2026-01-17 20:00:00+00:00,2026-01-18 08:00:00+00:00,12.0,8,0.615,26.21375,56.38625,4.861,ordinary,ordinary_anchorage,"Khasab port, Oman",13.7,False,False,1,,False
422056100,,IRN,hormuz_control_mar2026,2026-01-17 03:00:00+00:00,2026-01-17 15:00:00+00:00,12.0,5,0.385,26.978,56.28,2.389,ordinary,ordinary_anchorage,"Qeshm Island port, Iran",2.35,False,False,1,,False
408968000,ALMOAYYED 34,BHR,hormuz_control_mar2026,2026-01-20 12:00:00+00:00,2026-01-20 23:00:00+00:00,11.0,12,1.0,26.24833,56.31917,0.933,ordinary,ordinary_anchorage,"Khasab port, Oman",8.57,False,False,1,,False
422223350,GADEER 22    3/12473,IRN,hormuz_control_mar2026,2026-01-18 11:00:00+00:00,2026-01-18 22:00:00+00:00,11.0,12,1.0,26.73833,56.34333,2.496,ordinary,ordinary_anchorage,"Larak Island anchorage, Iran",12.84,False,False,1,,False
422012700,,IRN,hormuz_control_mar2026,2026-01-17 06:00:00+00:00,2026-01-17 16:00:00+00:00,10.0,6,0.545,26.96667,56.27667,3.788,ordinary,ordinary_anchorage,"Qeshm Island port, Iran",1.06,False,False,1,,False
338124736,MONALISA,USA,hormuz_control_mar2026,2026-01-17 00:00:00+00:00,2026-01-17 09:00:00+00:00,9.0,10,1.0,26.21,56.25,0.0,ordinary,ordinary_anchorage,"Khasab port, Oman",0.74,False,False,1,,False
338124736,MONALISA,USA,hormuz_control_mar2026,2026-01-17 10:00:00+00:00,2026-01-17 19:00:00+00:00,9.0,6,0.6,26.215,56.385,4.789,ordinary,ordinary_anchorage,"Khasab port, Oman",13.59,False,False,1,,False
422142000,SARDASHT,IRN,hormuz_control_mar2026,2026-01-17 00:00:00+00:00,2026-01-17 09:00:00+00:00,9.0,10,1.0,26.98,56.24,0.0,ordinary,ordinary_anchorage,"Qeshm Island port, Iran",3.99,False,False,1,,False
422028500,MERYAN3,IRN,hormuz_control_mar2026,2026-01-20 15:00:00+00:00,2026-01-20 23:00:00+00:00,8.0,9,1.0,26.89778,56.37111,1.62,ordinary,ordinary_anchorage,"Larak Island anchorage, Iran",5.18,False,False,1,,False
422051600,YOUSHAT,IRN,hormuz_control_mar2026,2026-01-18 23:00:00+00:00,2026-01-19 07:00:00+00:00,8.0,10,1.111,26.99,56.242,1.783,ordinary,ordinary_anchorage,"Qeshm Island port, Iran",4.62,False,False,1,,False
338124736,MONALISA,USA,hormuz_control_mar2026,2026-01-20 04:00:00+00:00,2026-01-20 11:00:00+00:00,7.0,3,0.375,26.21,56.26667,3.325,ordinary,ordinary_anchorage,"Khasab port, Oman",1.87,False,False,1,,False
422026900,GOLBON,IRN,hormuz_control_mar2026,2026-01-17 02:00:00+00:00,2026-01-17 09:00:00+00:00,7.0,8,1.0,26.96,56.36,0.0,ordinary,ordinary_anchorage,"Qeshm Island port, Iran",8.73,False,False,1,,False
422059900,,IRN,hormuz_control_mar2026,2026-01-20 14:00:00+00:00,2026-01-20 21:00:00+00:00,7.0,7,0.875,26.97143,56.27,0.953,ordinary,ordinary_anchorage,"Qeshm Island port, Iran",1.49,False,False,1,,False
422061500,ROYAYE JONOUB,IRN,hormuz_control_mar2026,2026-01-17 00:00:00+00:00,2026-01-17 07:00:00+00:00,7.0,8,1.0,26.97,56.27,0.0,ordinary,ordinary_anchorage,"Qeshm Island port, Iran",1.34,False,False,1,,False
422011900,AZARKHSH 908,IRN,hormuz_control_mar2026,2026-01-20 10:00:00+00:00,2026-01-20 16:00:00+00:00,6.0,7,1.0,26.97,56.27,0.0,ordinary,ordinary_anchorage,"Qeshm Island port, Iran",1.34,False,False,1,,False
422039800,,IRN,hormuz_control_mar2026,2026-01-20 06:00:00+00:00,2026-01-20 12:00:00+00:00,6.0,2,0.286,26.985,56.27,0.556,ordinary,ordinary_anchorage,"Qeshm Island port, Iran",3.0,False,False,1,,False
422057200,,IRN,hormuz_control_mar2026,2026-01-17 03:00:00+00:00,2026-01-17 09:00:00+00:00,6.0,7,1.0,26.97,56.27,0.0,ordinary,ordinary_anchorage,"Qeshm Island port, Iran",1.34,False,False,1,,False
422057200,,IRN,hormuz_control_mar2026,2026-01-20 12:00:00+00:00,2026-01-20 18:00:00+00:00,6.0,3,0.429,26.97,56.27,0.0,ordinary,ordinary_anchorage,"Qeshm Island port, Iran",1.34,False,False,1,,False
422071800,SAHAR PISHRO,IRN,hormuz_control_mar2026,2026-01-17 04:00:00+00:00,2026-01-17 10:00:00+00:00,6.0,2,0.286,26.98,56.27,1.112,ordinary,ordinary_anchorage,"Qeshm Island port, Iran",2.44,False,False,1,,False
422086400,KIHAN PISHRO,IRN,hormuz_control_mar2026,2026-01-20 08:00:00+00:00,2026-01-20 14:00:00+00:00,6.0,6,0.857,26.97333,56.27,1.853,ordinary,ordinary_anchorage,"Qeshm Island port, Iran",1.7,False,False,1,,False
422087500,ATLAS PISHRO,IRN,hormuz_control_mar2026,2026-01-18 10:00:00+00:00,2026-01-18 16:00:00+00:00,6.0,3,0.429,26.97,56.27,0.0,ordinary,ordinary_anchorage,"Qeshm Island port, Iran",1.34,False,False,1,,False
422166900,25246,IRN,hormuz_control_mar2026,2026-01-18 21:00:00+00:00,2026-01-19 03:00:00+00:00,6.0,3,0.429,26.23,56.24,0.0,ordinary,ordinary_anchorage,"Khasab port, Oman",3.11,False,False,1,,False
