sar_id,sar_timestamp,sar_lat,sar_lon,mmsi,ship_name,vessel_type,flag,ais_lat,ais_lon,distance_km,time_gap_seconds,classification
0,2025-09-20 14:41:36+00:00,25.78,51.86000061035156,413021180,DE BO,OTHER_NON_FISHING,CHN,25.78,51.86000061035156,0.0,1104.0,matched
91,2025-09-20 14:41:36+00:00,25.79,51.689998626708984,312317000,ATCO BARAKA III,OTHER_NON_FISHING,BLZ,25.79,51.689998626708984,0.0,1104.0,matched
167,2025-09-20 14:41:36+00:00,25.82,51.91999816894531,311605000,FUWAIRIT,OTHER_NON_FISHING,BHS,25.823866666666664,51.86146672566732,5.874313320297894,1104.0,discrepant
86,2025-09-20 14:41:36+00:00,26.18,51.59000015258789,,,,,,,,,unmatched
171,2025-09-20 14:41:36+00:00,25.31,51.630001068115234,,,,,,,,,unmatched
173,2025-09-20 14:41:36+00:00,25.83,51.88999938964844,308171000,AL SAFLIYA,OTHER_NON_FISHING,BHS,25.83,51.88999938964844,0.0,1104.0,matched
174,2025-09-20 14:41:36+00:00,25.84,51.88999938964844,538009767,AL ZUBARAH,OTHER_NON_FISHING,MHL,25.84,51.88999938964844,0.0,1104.0,matched
176,2025-09-20 14:41:36+00:00,26.39,51.900001525878906,,,,,,,,,unmatched
178,2025-09-20 14:41:36+00:00,25.31,51.880001068115234,466591980,BU RASHID,INSUFFICIENT_DATA,QAT,25.31,51.87613240559896,0.3888827389329183,1104.0,matched
180,2025-09-20 14:41:36+00:00,24.99,51.709999084472656,,,,,,,,,unmatched
181,2025-09-20 14:41:36+00:00,25.81,51.810001373291016,538004758,CLASSIC TSINGTAO,CARGO,MHL,25.81,51.810001373291016,0.0,1104.0,matched
75,2025-09-20 14:41:36+00:00,25.81,51.810001373291016,,,,,,,,,unmatched
182,2025-09-20 14:41:36+00:00,25.86,51.630001068115234,377378000,STANFORD TIGRIS,OTHER_NON_FISHING,VCT,25.856933333333334,52.040000915527344,41.02663357543948,1104.0,discrepant
183,2025-09-20 14:41:36+00:00,26.04,51.59000015258789,,,,,,,,,unmatched
184,2025-09-20 14:41:36+00:00,25.32,51.61000061035156,,,,,,,,,unmatched
71,2025-09-20 14:41:36+00:00,25.83,51.810001373291016,229129000,MILAHA QATAR,OTHER_NON_FISHING,MLT,25.83,51.810001373291016,0.0,1104.0,matched
185,2025-09-20 14:41:36+00:00,26.4,51.0099983215332,,,,,,,,,unmatched
187,2025-09-20 14:41:36+00:00,25.87,51.630001068115234,,,,,,,,,unmatched
188,2025-09-20 14:41:36+00:00,25.77,51.66999816894531,564931000,LANPAN 18,OTHER_NON_FISHING,SGP,25.77,51.66999816894531,0.0,1104.0,matched
189,2025-09-20 14:41:36+00:00,25.71,51.72999954223633,,,,,,,,,unmatched
133,2025-09-20 14:41:36+00:00,25.49,51.59000015258789,,,,,,,,,unmatched
191,2025-09-20 14:41:36+00:00,25.0,51.709999084472656,,,,,,,,,unmatched
63,2025-09-20 14:41:36+00:00,25.18,51.7400016784668,,,,,,,,,unmatched
62,2025-09-20 14:41:36+00:00,25.75,51.939998626708984,466325000,HALUL 80,OTHER_NON_FISHING,QAT,25.743066666666664,51.85679936726888,8.36850403243824,1104.0,discrepant
166,2025-09-20 14:41:36+00:00,24.65,52.310001373291016,470856000,SHUWEHAT,OTHER_NON_FISHING,ARE,24.65,52.310001373291016,0.0,1104.0,matched
93,2025-09-20 14:41:36+00:00,25.0,51.77000045776367,,,,,,,,,unmatched
165,2025-09-20 14:41:36+00:00,26.31,51.7400016784668,,,,,,,,,unmatched
163,2025-09-20 14:41:36+00:00,25.36,52.18000030517578,,,,,,,,,unmatched
130,2025-09-20 14:41:36+00:00,25.3,51.65999984741211,,,,,,,,,unmatched
129,2025-09-20 14:41:36+00:00,24.9,51.58000183105469,377538000,SWISSCO SERVER,OTHER_NON_FISHING,VCT,24.9,51.58000183105469,0.0,1104.0,matched
134,2025-09-20 14:41:36+00:00,25.26,51.70000076293945,,,,,,,,,unmatched
247,2025-09-20 14:41:36+00:00,25.95,52.060001373291016,,,,,,,,,unmatched
139,2025-09-20 14:41:36+00:00,24.9,51.630001068115234,538003910,GAS GROUPER,OTHER_NON_FISHING,MHL,24.91,51.630001068115234,1.1119508023352598,1104.0,matched
141,2025-09-20 14:41:36+00:00,25.6,51.709999084472656,,,,,,,,,unmatched
120,2025-09-20 14:41:36+00:00,25.93,52.04999923706055,,,,,,,,,unmatched
119,2025-09-20 14:41:36+00:00,25.47,51.880001068115234,563117300,ASTRO AQUILA,OTHER_NON_FISHING,SGP,25.47,51.880001068115234,0.0,1104.0,matched
118,2025-09-20 14:41:36+00:00,25.75,51.720001220703125,,,,,,,,,unmatched
116,2025-09-20 14:41:36+00:00,25.77,51.86000061035156,413021180,DE BO,OTHER_NON_FISHING,CHN,25.78,51.86000061035156,1.1119508023356135,1104.0,matched
115,2025-09-20 14:41:36+00:00,25.09,51.68000030517578,564931000,LANPAN 18,OTHER_NON_FISHING,SGP,25.77,51.66999816894531,75.61932548815619,1104.0,discrepant
195,2025-09-20 14:41:36+00:00,25.42,51.86000061035156,466511280,FARKH ALANABI,FISHING,QAT,,,,,discrepant
146,2025-09-20 14:41:36+00:00,25.61,51.720001220703125,466503940,,FISHING,QAT,25.644666666666666,51.63293329874674,9.542362135590208,1104.0,discrepant
112,2025-09-20 14:41:36+00:00,25.03,51.7599983215332,,,,,,,,,unmatched
147,2025-09-20 14:41:36+00:00,25.67,51.560001373291016,466572050,WDAH 93%,FISHING,QAT,,,,,discrepant
151,2025-09-20 14:41:36+00:00,25.77,51.7400016784668,466325000,HALUL 80,OTHER_NON_FISHING,QAT,25.743066666666664,51.85679936726888,12.074329100828692,1104.0,discrepant
108,2025-09-20 14:41:36+00:00,26.02,51.93000030517578,,,,,,,,,unmatched
107,2025-09-20 14:41:36+00:00,25.46,52.119998931884766,565460000,SHAHRASTANI,OTHER_NON_FISHING,SGP,25.452933333333334,52.11146672566732,1.1624370710698877,1104.0,matched
153,2025-09-20 14:41:36+00:00,25.42,52.06999969482422,,,,,,,,,unmatched
154,2025-09-20 14:41:36+00:00,25.43,52.02000045776367,466515000,,GEAR,QAT,25.3884,51.96066650390625,7.544007210541297,1104.0,discrepant
103,2025-09-20 14:41:36+00:00,25.81,51.810001373291016,538004758,CLASSIC TSINGTAO,CARGO,MHL,25.81,51.810001373291016,0.0,1104.0,matched
157,2025-09-20 14:41:36+00:00,25.56,51.54999923706055,,,,,,,,,unmatched
158,2025-09-20 14:41:36+00:00,25.47,52.400001525878906,,,,,,,,,unmatched
99,2025-09-20 14:41:36+00:00,25.16,51.63999938964844,,,,,,,,,unmatched
113,2025-09-20 14:41:36+00:00,25.81,52.08000183105469,577231000,BOURBON SUMATRA,OTHER_NON_FISHING,VUT,25.878533333333333,51.825066630045576,26.626102140045454,1104.0,discrepant
58,2025-09-20 14:41:36+00:00,25.83,51.90999984741211,538003363,ONAIZA,OTHER_NON_FISHING,MHL,25.83,51.90999984741211,0.0,1104.0,matched
66,2025-09-20 14:41:36+00:00,24.89,51.619998931884766,466006000,SIDRA AL GHARIYA,OTHER_NON_FISHING,QAT,24.89,51.619998931884766,0.0,1104.0,matched
132,2025-09-20 14:41:36+00:00,26.34,51.4900016784668,,,,,,,,,unmatched
34,2025-09-20 14:41:36+00:00,26.0,51.93000030517578,,,,,,,,,unmatched
33,2025-09-20 14:41:36+00:00,25.31,51.79999923706055,636019161,NEW OPTIMA,CARGO,LBR,25.31,51.79999923706055,0.0,1104.0,matched
32,2025-09-20 14:41:36+00:00,25.47,51.880001068115234,563117300,ASTRO AQUILA,OTHER_NON_FISHING,SGP,25.47,51.880001068115234,0.0,1104.0,matched
10,2025-09-20 14:41:36+00:00,25.83,51.86000061035156,466009000,SIDRA AL KHOR,OTHER_NON_FISHING,QAT,25.83,51.86000061035156,0.0,1104.0,matched
238,2025-09-20 14:41:36+00:00,25.79,51.77000045776367,563157800,SINAR MALAHAYATI,OTHER_NON_FISHING,SGP,25.79,51.77000045776367,0.0,1104.0,matched
235,2025-09-20 14:41:36+00:00,26.05,52.290000915527344,,,,,,,,,unmatched
30,2025-09-20 14:41:36+00:00,25.92,51.84000015258789,538003363,ONAIZA,OTHER_NON_FISHING,MHL,25.83,51.90999984741211,12.214638659925122,1104.0,discrepant
29,2025-09-20 14:41:36+00:00,25.12,51.65999984741211,466568720,,OTHER_NON_FISHING,QAT,,,,,discrepant
233,2025-09-20 14:41:36+00:00,25.45,51.81999969482422,372567000,BLUE AKIHABARA,CARGO,PAN,25.45,51.81999969482422,0.0,1104.0,matched
224,2025-09-20 14:41:36+00:00,25.27,51.83000183105469,466590260,MANSOOR 100%,FISHING,QAT,25.2492,51.81613484700521,2.700732627514791,1104.0,discrepant
26,2025-09-20 14:41:36+00:00,26.24,51.849998474121094,,,,,,,,,unmatched
13,2025-09-20 14:41:36+00:00,25.68,51.709999084472656,,,,,,,,,unmatched
227,2025-09-20 14:41:36+00:00,25.47,51.72999954223633,413375860,BO RUN XIAN FENG,CARGO,CHN,25.47,51.72999954223633,0.0,1104.0,matched
14,2025-09-20 14:41:36+00:00,25.73,51.709999084472656,352262000,BLENDA,OTHER_NON_FISHING,PAN,25.743866666666666,51.709999084472656,1.5419051125718102,1104.0,discrepant
15,2025-09-20 14:41:36+00:00,25.31,51.56999969482422,466591270,DAHYAN,PASSENGER,QAT,,,,,discrepant
234,2025-09-20 14:41:36+00:00,25.47,51.540000915527344,,,,,,,,,unmatched
22,2025-09-20 14:41:36+00:00,24.91,51.630001068115234,538003910,GAS GROUPER,OTHER_NON_FISHING,MHL,24.91,51.630001068115234,0.0,1104.0,matched
17,2025-09-20 14:41:36+00:00,25.83,51.939998626708984,566670000,LANPAN 32,CARGO,SGP,25.8308,51.93933385213216,0.11108545590805298,1104.0,matched
54,2025-09-20 14:41:36+00:00,24.91,51.59000015258789,,,,,,,,,unmatched
217,2025-09-20 14:41:36+00:00,25.85,52.040000915527344,377378000,STANFORD TIGRIS,OTHER_NON_FISHING,VCT,25.856933333333334,52.040000915527344,0.7709525562857283,1104.0,matched
218,2025-09-20 14:41:36+00:00,25.68,51.66999816894531,466585290,AIN HLETAN 1 97%,OTHER_NON_FISHING,QAT,25.683866666666667,51.56906707763672,10.123492491205118,1104.0,discrepant
39,2025-09-20 14:41:36+00:00,24.91,51.58000183105469,377538000,SWISSCO SERVER,OTHER_NON_FISHING,VCT,24.9,51.58000183105469,1.1119508023352598,1104.0,matched
245,2025-09-20 14:41:36+00:00,24.89,51.619998931884766,466006000,SIDRA AL GHARIYA,OTHER_NON_FISHING,QAT,24.89,51.619998931884766,0.0,1104.0,matched
3,2025-09-20 14:41:36+00:00,25.2,51.7599983215332,466541690,,PASSENGER,QAT,,,,,discrepant
204,2025-09-20 14:41:36+00:00,25.81,51.779998779296875,538009755,BROOG,OTHER_NON_FISHING,MHL,25.81,51.77000045776367,1.0008576797092215,1104.0,matched
205,2025-09-20 14:41:36+00:00,25.81,51.77000045776367,538009755,BROOG,OTHER_NON_FISHING,MHL,25.81,51.77000045776367,0.0,1104.0,matched
50,2025-09-20 14:41:36+00:00,25.48,52.13999938964844,565460000,SHAHRASTANI,OTHER_NON_FISHING,SGP,25.452933333333334,52.11146672566732,4.1548885327541125,1104.0,discrepant
49,2025-09-20 14:41:36+00:00,26.38,51.88999938964844,,,,,,,,,unmatched
48,2025-09-20 14:41:36+00:00,25.47,51.72999954223633,413375860,BO RUN XIAN FENG,CARGO,CHN,25.47,51.72999954223633,0.0,1104.0,matched
215,2025-09-20 14:41:36+00:00,25.46,52.0,,,,,,,,,unmatched
207,2025-09-20 14:41:36+00:00,25.79,51.689998626708984,312317000,ATCO BARAKA III,OTHER_NON_FISHING,BLZ,25.79,51.689998626708984,0.0,1104.0,matched
208,2025-09-20 14:41:36+00:00,26.28,51.619998931884766,,,,,,,,,unmatched
4,2025-09-20 14:41:36+00:00,25.84,51.88999938964844,538009767,AL ZUBARAH,OTHER_NON_FISHING,MHL,25.84,51.88999938964844,0.0,1104.0,matched
43,2025-09-20 14:41:36+00:00,25.37,51.9900016784668,466546370,AL KHAIR 94%,FISHING,QAT,25.3436,52.04646565755208,6.388081320105546,2496.0,discrepant
42,2025-09-20 14:41:36+00:00,25.82,51.900001525878906,308171000,AL SAFLIYA,OTHER_NON_FISHING,BHS,25.83,51.88999938964844,1.4962156560061513,1104.0,matched
41,2025-09-20 14:41:36+00:00,26.15,51.83000183105469,,,,,,,,,unmatched
145,2025-09-20 14:42:01+00:00,26.01,52.060001373291016,466574450,AL OWAINAT,OTHER_NON_FISHING,QAT,,,,,discrepant
138,2025-09-20 14:42:01+00:00,25.85,51.63999938964844,466004000,SIDRA AL RUMEILA,OTHER_NON_FISHING,QAT,25.85,51.63999938964844,0.0,1079.0,matched
239,2025-09-20 14:42:01+00:00,26.15,51.5099983215332,357037000,MARZHAN,CARGO,PAN,26.202997222222223,51.53899122344123,6.5649496327607135,1079.0,discrepant
240,2025-09-20 14:42:01+00:00,26.21,51.459999084472656,352001559,BGP INNOVATOR,OTHER_NON_FISHING,PAN,26.208991666666666,51.46899152861701,0.9040888125274543,1079.0,matched
137,2025-09-20 14:42:01+00:00,25.87,51.68000030517578,636024957,SPM INDRA,OTHER_NON_FISHING,LBR,25.88,51.66999816894531,1.4959325384412518,1079.0,matched
242,2025-09-20 14:42:01+00:00,25.88,51.650001525878906,466250000,HALUL 61,OTHER_NON_FISHING,QAT,25.88,51.650001525878906,0.0,1079.0,matched
135,2025-09-20 14:42:01+00:00,25.86,51.619998931884766,376512000,STANFORD NILE,OTHER_NON_FISHING,VCT,25.86,51.630001068115234,1.000816585887092,1079.0,matched
150,2025-09-20 14:42:01+00:00,26.0,51.59000015258789,563214800,ASTRO ATHENA,OTHER_NON_FISHING,SGP,25.994005555555557,51.59901846779717,1.1210184713137699,1079.0,matched
140,2025-09-20 14:42:01+00:00,26.11,51.72999954223633,466086000,FOG 11,OTHER_NON_FISHING,QAT,25.89198888888889,51.642016102472944,25.787242516382705,1079.0,discrepant
243,2025-09-20 14:42:01+00:00,25.86,51.849998474121094,538009769,AL WAJBAH,OTHER_NON_FISHING,MHL,25.86,51.849998474121094,0.0,1079.0,matched
246,2025-09-20 14:42:01+00:00,25.83,51.7599983215332,311000638,LICHTENSTEIN,OTHER_NON_FISHING,BHS,25.88498611111111,52.040000915527344,28.677102817282652,1079.0,discrepant
244,2025-09-20 14:42:01+00:00,25.96,51.560001373291016,564162000,BRITOIL 61,OTHER_NON_FISHING,SGP,25.96,51.560001373291016,0.0,1079.0,matched
152,2025-09-20 14:42:01+00:00,25.87,51.630001068115234,466321000,HALUL101,OTHER_NON_FISHING,QAT,25.88196111111111,51.73299740473429,10.38992813914495,1079.0,discrepant
201,2025-09-20 14:42:01+00:00,26.02,51.470001220703125,636024422,SAFA SEARCHER,SEISMIC_VESSEL,LBR,26.098991666666667,51.400001525878906,11.226852231027989,1079.0,discrepant
231,2025-09-20 14:42:01+00:00,25.82,51.68000030517578,566334000,BRITOIL 72,OTHER_NON_FISHING,SGP,,,,,discrepant
200,2025-09-20 14:42:01+00:00,26.15,51.380001068115234,376955000,STANFORD HAWK,OTHER_NON_FISHING,VCT,26.092997222222223,51.43599488682217,8.451459900056193,1079.0,discrepant
198,2025-09-20 14:42:01+00:00,25.86,51.869998931884766,228463800,WADI AL SAIL,OTHER_NON_FISHING,FRA,25.86,51.869998931884766,0.0,1079.0,matched
202,2025-09-20 14:42:01+00:00,25.84,51.650001525878906,511100231,ALLIANZ FORCE,OTHER_NON_FISHING,PLW,25.84,51.650001525878906,0.0,1079.0,matched
197,2025-09-20 14:42:01+00:00,25.94,51.81999969482422,419001655,PINE GAS,OTHER_NON_FISHING,IND,25.934005555555558,51.79498580508762,2.588554615877764,1079.0,discrepant
194,2025-09-20 14:42:01+00:00,25.95,51.54999923706055,565104000,BRITOIL 74,OTHER_NON_FISHING,SGP,25.952997222222223,51.540000915527344,1.0537512410683922,1079.0,matched
190,2025-09-20 14:42:01+00:00,26.47,51.20000076293945,538003966,ALPINE MARINA,OTHER_NON_FISHING,MHL,26.477002777777777,51.05795383135478,14.160099970695342,1079.0,discrepant
206,2025-09-20 14:42:01+00:00,26.17,51.529998779296875,352004672,EXPRESS 80,OTHER_NON_FISHING,PAN,26.15198888888889,51.5149858824412,2.5012086399898146,1079.0,discrepant
210,2025-09-20 14:42:01+00:00,25.96,51.75,376046000,TRITON P,OTHER_NON_FISHING,VCT,,,,,discrepant
212,2025-09-20 14:42:01+00:00,25.87,51.77000045776367,311468000,AL MARROUNA,OTHER_NON_FISHING,BHS,25.87,51.77000045776367,0.0,1079.0,matched
179,2025-09-20 14:42:01+00:00,25.89,51.709999084472656,466323000,HALUL 100,OTHER_NON_FISHING,QAT,25.868991666666666,51.64997184011671,6.443699052352014,1079.0,discrepant
177,2025-09-20 14:42:01+00:00,25.85,51.86000061035156,538009769,AL WAJBAH,OTHER_NON_FISHING,MHL,25.86,51.849998474121094,1.4960458387232054,1079.0,matched
232,2025-09-20 14:42:01+00:00,25.86,51.630001068115234,376512000,STANFORD NILE,OTHER_NON_FISHING,VCT,25.86,51.630001068115234,0.0,1079.0,matched
220,2025-09-20 14:42:01+00:00,26.09,51.439998626708984,376955000,STANFORD HAWK,OTHER_NON_FISHING,VCT,26.092997222222223,51.43599488682217,0.5205143286434952,1079.0,matched
223,2025-09-20 14:42:01+00:00,26.24,51.63999938964844,636018175,STANFORD STAR,OTHER_NON_FISHING,LBR,26.216947222222224,51.64901770485772,2.716610023930043,1079.0,discrepant
170,2025-09-20 14:42:01+00:00,25.85,51.619998931884766,377206000,STANFORD TYNE,OTHER_NON_FISHING,VCT,,,,,discrepant
169,2025-09-20 14:42:01+00:00,25.91,51.66999816894531,466130000,HALUL26,OTHER_NON_FISHING,QAT,25.81095277777778,51.708039071824814,11.652768793543475,1079.0,discrepant
168,2025-09-20 14:42:01+00:00,26.15,51.400001525878906,371550000,DIMITRA 1,OTHER_NON_FISHING,PAN,26.254005555555555,51.51400587611728,16.220885774523254,1079.0,discrepant
164,2025-09-20 14:42:01+00:00,26.21,51.54999923706055,636022907,GMS APOLLO,OTHER_NON_FISHING,LBR,26.21700277777778,51.54999923706055,0.7786744368575402,1079.0,matched
161,2025-09-20 14:42:01+00:00,26.23,51.4900016784668,371550000,DIMITRA 1,OTHER_NON_FISHING,PAN,26.254005555555555,51.51400587611728,3.5856161182478323,1079.0,discrepant
160,2025-09-20 14:42:01+00:00,25.92,51.65999984741211,466086000,FOG 11,OTHER_NON_FISHING,QAT,25.89198888888889,51.642016102472944,3.5967863125017163,1079.0,discrepant
228,2025-09-20 14:42:01+00:00,26.44,51.939998626708984,538005335,TOPAZ SOPHIE,OTHER_NON_FISHING,MHL,25.977983333333334,51.68599488682217,57.28354259888105,1079.0,discrepant
229,2025-09-20 14:42:01+00:00,26.39,51.45000076293945,369558000,APL EAGLE,CARGO,USA,26.385994444444442,51.51702960968018,6.691522412805035,1079.0,discrepant
156,2025-09-20 14:42:01+00:00,25.81,51.70000076293945,565680000,POSH ENDEAVOUR,OTHER_NON_FISHING,SGP,25.99,51.900001525878906,28.298735715474567,1079.0,discrepant
230,2025-09-20 14:42:01+00:00,25.86,51.66999816894531,352003874,AOS GLORY,CARGO,PAN,,,,,discrepant
175,2025-09-20 14:42:01+00:00,25.99,51.900001525878906,565680000,POSH ENDEAVOUR,OTHER_NON_FISHING,SGP,25.99,51.900001525878906,0.0,1079.0,matched
226,2025-09-20 14:42:01+00:00,25.87,51.630001068115234,377206000,STANFORD TYNE,OTHER_NON_FISHING,VCT,,,,,discrepant
124,2025-09-20 14:42:01+00:00,25.94,51.72999954223633,564959000,BRITOIL 41,OTHER_NON_FISHING,SGP,25.96801111111111,51.67697657161289,6.148558602065108,1079.0,discrepant
64,2025-09-20 14:42:01+00:00,26.08,51.41999816894531,636024422,SAFA SEARCHER,SEISMIC_VESSEL,LBR,26.098991666666667,51.400001525878906,2.9064582745540015,1079.0,discrepant
84,2025-09-20 14:42:01+00:00,25.86,51.869998931884766,228463800,WADI AL SAIL,OTHER_NON_FISHING,FRA,25.86,51.869998931884766,0.0,1079.0,matched
82,2025-09-20 14:42:01+00:00,25.95,51.540000915527344,538011529,MCDERMOTT DB32,OTHER_NON_FISHING,MHL,,,,,discrepant
81,2025-09-20 14:42:01+00:00,26.01,51.54999923706055,357220000,MIMMI,OTHER_NON_FISHING,PAN,26.01,51.55700351079305,0.6999578557688558,1079.0,matched
77,2025-09-20 14:42:01+00:00,25.87,51.63999938964844,636023764,STEADY EAGLE,OTHER_NON_FISHING,LBR,26.058991666666667,51.84896443896823,29.63179971267914,1079.0,discrepant
76,2025-09-20 14:42:01+00:00,25.83,51.68000030517578,566334000,BRITOIL 72,OTHER_NON_FISHING,SGP,,,,,discrepant
73,2025-09-20 14:42:01+00:00,25.86,51.61000061035156,352004672,EXPRESS 80,OTHER_NON_FISHING,PAN,26.15198888888889,51.5149858824412,33.82774250018541,1079.0,discrepant
72,2025-09-20 14:42:01+00:00,25.96,51.54999923706055,565104000,BRITOIL 74,OTHER_NON_FISHING,SGP,25.952997222222223,51.540000915527344,1.2671099118229099,1079.0,matched
69,2025-09-20 14:42:01+00:00,26.13,51.439998626708984,525119032,VOYAGER EXPLORER,SEISMIC_VESSEL,IDN,26.13198888888889,51.44198946846856,0.29733662459531784,1079.0,matched
67,2025-09-20 14:42:01+00:00,25.96,51.560001373291016,564162000,BRITOIL 61,OTHER_NON_FISHING,SGP,25.96,51.560001373291016,0.0,1079.0,matched
65,2025-09-20 14:42:01+00:00,25.99,51.81999969482422,419001795,GREEN ASHA,OTHER_NON_FISHING,IND,25.978991666666666,51.79198794258966,3.0557851398238673,1079.0,discrepant
131,2025-09-20 14:42:01+00:00,26.36,51.5,352001905,FATIMA 2,CARGO,PAN,26.374005555555556,51.439971612294514,6.17990593405733,1079.0,discrepant
59,2025-09-20 14:42:01+00:00,25.98,51.54999923706055,564292000,LANPAN 35,OTHER_NON_FISHING,SGP,25.972997222222222,51.54299763467577,1.046986370881728,1079.0,matched
56,2025-09-20 14:42:01+00:00,26.09,51.84000015258789,440657000,HMM HANUL,CARGO,KOR,25.958908333333333,51.8190196885003,14.726724257633165,1079.0,discrepant
87,2025-09-20 14:42:01+00:00,26.32,51.59000015258789,466516700,BO HASEIR 3515,FISHING,QAT,26.32700277777778,51.59000015258789,0.7786744368575402,1079.0,matched
51,2025-09-20 14:42:01+00:00,25.86,51.66999816894531,352003874,AOS GLORY,CARGO,PAN,,,,,discrepant
46,2025-09-20 14:42:01+00:00,26.2,51.52000045776367,525119032,VOYAGER EXPLORER,SEISMIC_VESSEL,IDN,26.13198888888889,51.44198946846856,10.853808867578566,1079.0,discrepant
45,2025-09-20 14:42:01+00:00,25.88,51.689998626708984,563214800,ASTRO ATHENA,OTHER_NON_FISHING,SGP,25.994005555555557,51.59901846779717,15.603470281540098,1079.0,discrepant
44,2025-09-20 14:42:01+00:00,25.86,51.790000915527344,538003357,AL MAFYAR,OTHER_NON_FISHING,MHL,25.86,51.790000915527344,0.0,1079.0,matched
38,2025-09-20 14:42:01+00:00,26.32,51.779998779296875,353776000,MCDERMOTT DB50,OTHER_NON_FISHING,PAN,26.32,51.779998779296875,0.0,1079.0,matched
35,2025-09-20 14:42:01+00:00,26.01,51.58000183105469,564959000,BRITOIL 41,OTHER_NON_FISHING,SGP,25.96801111111111,51.67697657161289,10.7586104068664,1079.0,discrepant
31,2025-09-20 14:42:01+00:00,26.05,51.93000030517578,466586360,,FISHING,QAT,26.05,51.93000030517578,0.0,1079.0,matched
23,2025-09-20 14:42:01+00:00,25.85,51.63999938964844,466004000,SIDRA AL RUMEILA,OTHER_NON_FISHING,QAT,25.85,51.63999938964844,0.0,1079.0,matched
16,2025-09-20 14:42:01+00:00,25.87,51.75,636025236,AL SLAIMI,OTHER_NON_FISHING,LBR,25.87,51.75,0.0,1079.0,matched
11,2025-09-20 14:42:01+00:00,26.06,51.869998931884766,636023764,STEADY EAGLE,OTHER_NON_FISHING,LBR,26.058991666666667,51.84896443896823,2.104141837523193,1079.0,discrepant
7,2025-09-20 14:42:01+00:00,26.02,51.689998626708984,538005335,TOPAZ SOPHIE,OTHER_NON_FISHING,MHL,25.977983333333334,51.68599488682217,4.689150682724092,1079.0,discrepant
6,2025-09-20 14:42:01+00:00,25.87,51.650001525878906,466087000,FOG 12,OTHER_NON_FISHING,QAT,25.87,51.63999938964844,1.0007319034527224,1079.0,matched
2,2025-09-20 14:42:01+00:00,26.47,51.900001525878906,466136000,HALUL 25,OTHER_NON_FISHING,QAT,26.386975,51.85899091826545,10.094803196210828,1079.0,discrepant
1,2025-09-20 14:42:01+00:00,26.0,51.939998626708984,466539320,MAZION 100%,FISHING,QAT,26.077030555555556,51.954004502826265,8.678966735760673,1079.0,discrepant
47,2025-09-20 14:42:01+00:00,25.92,51.720001220703125,352001415,GAS IVORY,OTHER_NON_FISHING,PAN,26.000027777777778,51.8621010377672,16.763389543353014,1079.0,discrepant
90,2025-09-20 14:42:01+00:00,25.91,52.040000915527344,311000638,LICHTENSTEIN,OTHER_NON_FISHING,BHS,25.88498611111111,52.040000915527344,2.781421381952795,1079.0,discrepant
248,2025-09-20 14:42:01+00:00,25.9,51.72999954223633,376046000,TRITON P,OTHER_NON_FISHING,VCT,,,,,discrepant
111,2025-09-20 14:42:01+00:00,26.25,51.54999923706055,352004673,EXPRESS 81,OTHER_NON_FISHING,PAN,26.27198888888889,51.52801175223456,3.284144504492617,1079.0,discrepant
94,2025-09-20 14:42:01+00:00,26.2,51.56999969482422,636022907,GMS APOLLO,OTHER_NON_FISHING,LBR,26.21700277777778,51.54999923706055,2.7487711515508675,1079.0,discrepant
109,2025-09-20 14:42:01+00:00,26.12,52.0,466515650,ALDALOB 92%,FISHING,QAT,26.12,52.0,0.0,1079.0,matched
104,2025-09-20 14:42:01+00:00,25.94,51.58000183105469,408201106,SURFACE,OTHER_NON_FISHING,BHR,25.94,51.56999969482422,1.0001382730043074,1079.0,matched
114,2025-09-20 14:42:01+00:00,25.84,51.63999938964844,325998000,ALLIANZ INTERSPRAY,OTHER_NON_FISHING,DMA,25.84,51.63999938964844,0.0,1079.0,matched
102,2025-09-20 14:42:01+00:00,25.95,51.7400016784668,466321000,HALUL101,OTHER_NON_FISHING,QAT,25.88196111111111,51.73299740473429,7.597951837833903,1079.0,discrepant
101,2025-09-20 14:42:01+00:00,25.85,51.790000915527344,538003357,AL MAFYAR,OTHER_NON_FISHING,MHL,25.86,51.790000915527344,1.1119508023352598,1079.0,matched
100,2025-09-20 14:42:01+00:00,25.88,51.66999816894531,636024957,SPM INDRA,OTHER_NON_FISHING,LBR,25.88,51.66999816894531,0.0,1079.0,matched
123,2025-09-20 14:42:01+00:00,26.38,51.7599983215332,466586850,NABIL 1 96%,FISHING,QAT,26.387002777777777,51.78100847138299,2.2330461770969396,1079.0,discrepant
117,2025-09-20 14:42:01+00:00,25.89,51.810001373291016,466587350,ALHATEF,GEAR,QAT,25.9,51.80299709955851,1.3142806971076095,1079.0,matched
95,2025-09-20 14:42:01+00:00,26.21,51.189998626708984,466574100,,FISHING,QAT,26.158991666666665,51.204004502826265,5.841519864550142,1079.0,discrepant
127,2025-09-20 14:42:01+00:00,26.0,51.52000045776367,564292000,LANPAN 35,OTHER_NON_FISHING,SGP,25.972997222222222,51.54299763467577,3.7814269385566357,1079.0,discrepant
96,2025-09-20 14:42:01+00:00,25.86,51.75,538003300,UMM SLAL,OTHER_NON_FISHING,MHL,25.86,51.75,0.0,1079.0,matched
126,2025-09-20 14:42:01+00:00,26.22,51.540000915527344,357037000,MARZHAN,CARGO,PAN,26.202997222222223,51.53899122344123,1.8933065982899402,1079.0,discrepant
9,2025-09-23 02:31:58+00:00,25.88,51.66999816894531,466085000,HALUL 42,OTHER_NON_FISHING,QAT,25.88,51.66999816894531,0.0,1682.0,matched
221,2025-09-23 02:31:58+00:00,25.86,51.66999816894531,341470000,AQUA III,OTHER_NON_FISHING,KNA,25.854672222222224,51.66999816894531,0.5924226774662569,1682.0,matched
143,2025-09-23 02:31:58+00:00,26.31,51.43000030517578,538006499,RUSTAQ SILVER,OTHER_NON_FISHING,MHL,26.31,51.43000030517578,0.0,1682.0,matched
219,2025-09-23 02:31:58+00:00,25.87,51.65999984741211,577044000,CARR TIDE,OTHER_NON_FISHING,VUT,,,,,discrepant
36,2025-09-23 02:31:58+00:00,26.49,52.040000915527344,376435000,QMS CARDINAL,OTHER_NON_FISHING,VCT,26.49,52.045327799055315,0.5301365415802001,1682.0,matched
37,2025-09-23 02:31:58+00:00,26.27,51.720001220703125,351841000,SPRINTER,CARGO,PAN,26.26942777777778,51.72786603503757,0.7867848572911336,1682.0,matched
216,2025-09-23 02:31:58+00:00,25.88,51.65999984741211,538006788,TOPAZ MAMLAKA,OTHER_NON_FISHING,MHL,25.89,51.65999984741211,1.1119508023356135,1682.0,matched
144,2025-09-23 02:31:58+00:00,25.8,51.88999938964844,538003346,ZARGA,OTHER_NON_FISHING,MHL,25.8,51.88999938964844,0.0,1682.0,matched
214,2025-09-23 02:31:58+00:00,25.75,51.720001220703125,565339000,LANPAN 6,OTHER_NON_FISHING,SGP,25.734016666666665,51.720001220703125,1.777268032399478,1682.0,discrepant
213,2025-09-23 02:31:58+00:00,25.85,51.630001068115234,636022732,GMS RAPIDITY,OTHER_NON_FISHING,LBR,25.86,51.619998931884766,1.4960458387227795,1682.0,matched
211,2025-09-23 02:31:58+00:00,25.77,51.91999816894531,565428000,BRITOIL 70,OTHER_NON_FISHING,SGP,25.76,51.91999816894531,1.1119508023352598,1682.0,matched
222,2025-09-23 02:31:58+00:00,25.84,51.689998626708984,572206220,BRITOIL DIAMOND,OTHER_NON_FISHING,TUV,25.84,51.689998626708984,0.0,1682.0,matched
142,2025-09-23 02:31:58+00:00,25.82,51.91999816894531,413368050,XIN SI LU,CARGO,CHN,25.82,51.91999816894531,0.0,1682.0,matched
27,2025-09-23 02:31:58+00:00,25.64,52.220001220703125,413046070,WEI LI,OTHER_NON_FISHING,CHN,25.63,52.220001220703125,1.1119508023356135,1682.0,matched
8,2025-09-23 02:31:58+00:00,25.85,51.810001373291016,538003212,MOZAH,OTHER_NON_FISHING,MHL,25.85,51.810001373291016,0.0,1682.0,matched
25,2025-09-23 02:31:58+00:00,26.09,52.29999923706055,309255000,AL HUWAILA,OTHER_NON_FISHING,BHS,26.10672222222222,52.270821041531036,3.4564323862379283,1682.0,discrepant
24,2025-09-23 02:31:58+00:00,26.11,51.7599983215332,470326000,AHTS EXCELSIOR,OTHER_NON_FISHING,ARE,26.106638888888888,51.762051291995576,0.42626361076029723,1682.0,matched
136,2025-09-23 02:31:58+00:00,25.82,51.689998626708984,566770000,LANPAN 27,OTHER_NON_FISHING,SGP,25.82,51.689998626708984,0.0,1682.0,matched
121,2025-09-23 02:31:58+00:00,26.42,51.959999084472656,538005940,TOPAZ ISRA,OTHER_NON_FISHING,MHL,26.42,51.959999084472656,0.0,1682.0,matched
20,2025-09-23 02:31:58+00:00,25.81,51.86000061035156,563298600,LEONARD SCHULTE,CARGO,SGP,25.8,51.86000061035156,1.1119508023352598,1682.0,matched
18,2025-09-23 02:31:58+00:00,25.86,51.7599983215332,241836000,SIENA,OTHER_NON_FISHING,GRC,25.86,51.7599983215332,0.0,1682.0,matched
5,2025-09-23 02:31:58+00:00,25.77,51.91999816894531,533130269,DERRICK BARGE 30,OTHER_NON_FISHING,MYS,,,,,discrepant
122,2025-09-23 02:31:58+00:00,25.8,51.91999816894531,636024017,VORTEX VENTURE,OTHER_NON_FISHING,LBR,25.8,51.91999816894531,0.0,1682.0,matched
125,2025-09-23 02:31:58+00:00,26.1,52.0099983215332,636022266,GMS ATRIA,OTHER_NON_FISHING,LBR,26.098688888888887,52.00139549255371,0.8713341240367225,1682.0,matched
12,2025-09-23 02:31:58+00:00,25.84,51.86000061035156,538009772,AL BIDDA,OTHER_NON_FISHING,MHL,25.84,51.86000061035156,0.0,1682.0,matched
236,2025-09-23 02:31:58+00:00,25.86,51.650001525878906,377628000,STANFORD OSPREY,OTHER_NON_FISHING,VCT,25.86,51.650001525878906,0.0,1682.0,matched
237,2025-09-23 02:31:58+00:00,25.76,51.72999954223633,636093266,HONG KUN MEI GUI,OTHER_NON_FISHING,LBR,25.76,51.72999954223633,0.0,1682.0,matched
241,2025-09-23 02:31:58+00:00,25.86,51.66999816894531,636022755,HARBOUR STAR 4,OTHER_NON_FISHING,LBR,25.86,51.66999816894531,0.0,1682.0,matched
28,2025-09-23 02:31:58+00:00,25.84,51.7599983215332,466008000,SIDRA DOHA,OTHER_NON_FISHING,QAT,25.84,51.7599983215332,0.0,1682.0,matched
21,2025-09-23 02:31:58+00:00,25.66,52.41999816894531,470179000,SAFEEN SURVEYOR,OTHER_NON_FISHING,ARE,25.66,52.41999816894531,0.0,1682.0,matched
92,2025-09-23 02:31:58+00:00,25.8,51.91999816894531,413615970,ZHONG QUAN 9,CARGO,CHN,25.8,51.91999816894531,0.0,1682.0,matched
148,2025-09-23 02:31:58+00:00,25.84,51.790000915527344,538003101,FRAIHA,OTHER_NON_FISHING,MHL,25.84,51.790000915527344,0.0,1682.0,matched
89,2025-09-23 02:31:58+00:00,25.74,51.72999954223633,564542000,LAN PAN 20,OTHER_NON_FISHING,SGP,25.745327777777778,51.72467265870836,0.7972620857447443,1682.0,matched
88,2025-09-23 02:31:58+00:00,25.85,51.68000030517578,376416000,BOURBON HAMELIN,OTHER_NON_FISHING,VCT,,,,,discrepant
85,2025-09-23 02:31:58+00:00,25.8,51.93000030517578,413021340,DE  BO 2,OTHER_NON_FISHING,CHN,25.8,51.93000030517578,0.0,1682.0,matched
97,2025-09-23 02:31:58+00:00,25.84,51.650001525878906,538007647,ALEXANDER S MCCALL,OTHER_NON_FISHING,MHL,25.84,51.650001525878906,0.0,1682.0,matched
98,2025-09-23 02:31:58+00:00,25.85,51.66999816894531,375358000,BOURBON LIBERTY 164,OTHER_NON_FISHING,VCT,,,,,discrepant
80,2025-09-23 02:31:58+00:00,26.39,51.56999969482422,215219000,CMA CGM VON HUMBOLD,CARGO,MLT,26.35877222222222,51.61786720699734,5.898893847631687,1682.0,discrepant
79,2025-09-23 02:31:58+00:00,26.2,52.04999923706055,470335000,DIVA,OTHER_NON_FISHING,ARE,26.190738888888887,52.05794840282864,1.2998136353208207,1682.0,matched
78,2025-09-23 02:31:58+00:00,25.82,51.86000061035156,538009771,ZEKREET,OTHER_NON_FISHING,MHL,25.82,51.86000061035156,0.0,1682.0,matched
74,2025-09-23 02:31:58+00:00,26.25,51.45000076293945,470170000,ADNOC 222,OTHER_NON_FISHING,ARE,26.25532777777778,51.45000076293945,0.5924226774666106,1682.0,matched
70,2025-09-23 02:31:58+00:00,26.16,52.2599983215332,636022262,IRIS,OTHER_NON_FISHING,LBR,26.13336111111111,52.20204991870456,6.498543498994855,1682.0,discrepant
186,2025-09-23 02:31:58+00:00,25.87,51.61000061035156,471068000,MUBARAK 241,OTHER_NON_FISHING,,25.87,51.61000061035156,0.0,1682.0,matched
155,2025-09-23 02:31:58+00:00,26.35,51.810001373291016,563260000,LANPAN 29,OTHER_NON_FISHING,SGP,26.35,51.810001373291016,0.0,1682.0,matched
209,2025-09-23 02:31:58+00:00,25.84,51.689998626708984,354991000,MMPL MERLIN,OTHER_NON_FISHING,PAN,25.84,51.689998626708984,0.0,1682.0,matched
106,2025-09-23 02:31:58+00:00,25.77,51.88999938964844,240653000,MINERVA DOXA,OTHER_NON_FISHING,GRC,25.77,51.88999938964844,0.0,1682.0,matched
68,2025-09-23 02:31:58+00:00,26.13,51.79999923706055,253329000,BOURBON LIBERTY 306,OTHER_NON_FISHING,LUX,26.08877222222222,51.798688095940484,4.586194955861311,1682.0,discrepant
110,2025-09-23 02:31:58+00:00,25.78,51.75,538005883,TOPAZ MEGAN,OTHER_NON_FISHING,MHL,25.823933333333333,51.72672181447347,5.412530628469894,1682.0,discrepant
193,2025-09-23 02:31:58+00:00,25.84,51.66999816894531,466334000,HALUL 69,OTHER_NON_FISHING,QAT,25.849344444444444,51.679342827267114,1.3979070444413604,1682.0,matched
61,2025-09-23 02:31:58+00:00,25.86,51.650001525878906,636022264,GMS MANA,OTHER_NON_FISHING,LBR,,,,,discrepant
60,2025-09-23 02:31:58+00:00,26.1,52.290000915527344,309201000,EJNAN,OTHER_NON_FISHING,BHS,,,,,discrepant
196,2025-09-23 02:31:58+00:00,25.79,51.810001373291016,413397170,ZHONG QUAN 7,CARGO,CHN,25.79,51.810001373291016,0.0,1682.0,matched
57,2025-09-23 02:31:58+00:00,25.84,51.68000030517578,377252000,QMS MARIMBA,OTHER_NON_FISHING,VCT,25.84,51.68000030517578,0.0,1682.0,matched
52,2025-09-23 02:31:58+00:00,25.56,52.20000076293945,538008003,XI HU,CARGO,MHL,25.56,52.20000076293945,0.0,1682.0,matched
199,2025-09-23 02:31:58+00:00,25.87,51.66999816894531,466428000,HALUL 48,OTHER_NON_FISHING,QAT,25.87,51.66999816894531,0.0,1682.0,matched
192,2025-09-23 02:31:58+00:00,25.83,51.709999084472656,636022108,FOG 15,OTHER_NON_FISHING,LBR,25.83,51.709999084472656,0.0,1682.0,matched
55,2025-09-23 02:31:58+00:00,25.86,51.63999938964844,377246000,STANFORD CHALLENGER,OTHER_NON_FISHING,VCT,25.86,51.63999938964844,0.0,1682.0,matched
203,2025-09-23 02:31:58+00:00,25.88,51.65999984741211,636025033,GMS SWAN,OTHER_NON_FISHING,LBR,,,,,discrepant
40,2025-09-23 02:32:23+00:00,24.97,51.779998779296875,352003778,KHALEJIA ANA 7,CARGO,PAN,24.941425,51.75301307996114,4.1829506304553945,1657.0,discrepant
149,2025-09-23 02:32:23+00:00,25.31,51.81999969482422,351241000,AN SHUN,CARGO,PAN,25.31,51.81999969482422,0.0,1657.0,matched
172,2025-09-23 02:32:23+00:00,25.38,51.72999954223633,565597000,LANPAN 23,OTHER_NON_FISHING,SGP,25.38,51.72999954223633,0.0,1657.0,matched
162,2025-09-23 02:32:23+00:00,25.43,51.75,466049000,HALUL 40,OTHER_NON_FISHING,QAT,,,,,discrepant
225,2025-09-23 02:32:23+00:00,24.89,51.58000183105469,636014592,FPMC C JADE,OTHER_NON_FISHING,LBR,24.89,51.58000183105469,0.0,1657.0,matched
53,2025-09-23 02:32:23+00:00,25.27,51.790000915527344,636017116,MSC JANIS  3,CARGO,LBR,,,,,discrepant
159,2025-09-23 02:32:23+00:00,24.93,51.619998931884766,466073000,MILAHA  1,CARGO,QAT,24.93,51.619998931884766,0.0,1657.0,matched
19,2025-09-23 02:32:23+00:00,24.9,51.619998931884766,538007638,AEGIR SELMER,CARGO,MHL,24.9,51.619998931884766,0.0,1657.0,matched
105,2025-09-23 02:32:23+00:00,25.18,51.709999084472656,533170658,MALAYSIA PASSION,CARGO,MYS,25.18873888888889,51.76476685312059,5.596032096867446,1657.0,discrepant
83,2025-09-23 02:32:23+00:00,25.38,51.97999954223633,636022708,MSC PRELUDE V,CARGO,LBR,25.35443888888889,51.93665806452433,5.200166090999502,1657.0,discrepant
128,2025-09-23 02:32:23+00:00,25.61,51.709999084472656,376065000,SWISSCO SEARCHER,OTHER_NON_FISHING,VCT,25.61,51.709999084472656,0.0,1657.0,matched
